State_Name,Year,Data.DHS Denominator,Data.Calculated.Net Job Creation,Data.Calculated.Net Job Creation Rate
Alabama,1978,989063,77557,7.841462071
Alabama,1979,1060316,57840,5.454977573
Alabama,1980,1085319,-6652,-0.612907357
Alabama,1981,1073916,-9092,-0.846621151
Alabama,1982,1058794,-31815,-3.004833801
Alabama,1983,1026636,-38897,-3.788782003
Alabama,1984,1053563,91617,8.695920415
Alabama,1985,1146209,35775,3.121158532
Alabama,1986,1186864,48170,4.058594751
Alabama,1987,1192841,21154,1.773413221
Alabama,1988,1219534,27620,2.264799505
Alabama,1989,1266472,69443,5.483184784
Alabama,1990,1329938,51230,3.852059269
Alabama,1991,1354944,-13182,-0.972881536
Alabama,1992,1358794,7728,0.568739632
Alabama,1993,1388261,53046,3.821039415
Alabama,1994,1436272,30481,2.12223033
Alabama,1995,1482729,71687,4.834801235
Alabama,1996,1517572,18220,1.200602014
Alabama,1997,1540732,20433,1.326187812
Alabama,1998,1593594,25559,1.60385895
Alabama,1999,1612763,12086,0.749397153
Alabama,2000,1638467,31310,1.910932597
Alabama,2001,1630384,-42107,-2.582643107
Alabama,2002,1596024,-33332,-2.088439773
Alabama,2003,1590594,22045,1.385960214
Alabama,2004,1621093,38002,2.344220844
Alabama,2005,1661491,39164,2.357159924
Alabama,2006,1697801,32578,1.918835011
Alabama,2007,1715601,1139,0.066390728
Alabama,2008,1712565,-6518,-0.380598693
Alabama,2009,1661888,-105075,-6.32262824
Alabama,2010,1589553,-37037,-2.330026114
Alabama,2011,1580276,22432,1.419498872
Alabama,2012,1588647,-4104,-0.258333034
Alabama,2013,1590860,11355,0.713764882
Alabama,2014,1597421,7173,0.44903629
Alabama,2015,1619135,36384,2.24712578
Alabama,2016,1655181,35946,2.171726234
Alabama,2017,1683412,27869,1.655506792
Alabama,2018,1711108,21117,1.234112633
Alabama,2019,1743230,38321,2.198275615
Alabama,2020,1773070,19287,1.087774312
Alabama,2021,1754911,-58596,-3.338972746
Alabama,2022,1748929,47225,2.700223966
Alaska,1978,108365,-904,-0.83421769
Alaska,1979,108725,1083,0.996091055
Alaska,1980,107807,-3092,-2.868088343
Alaska,1981,112457,12784,11.36790062
Alaska,1982,125277,10238,8.172290205
Alaska,1983,133038,5932,4.458876411
Alaska,1984,141966,8623,6.073989547
Alaska,1985,149504,6220,4.160423801
Alaska,1986,149165,-7229,-4.846311132
Alaska,1987,142745,-6225,-4.360923325
Alaska,1988,138325,-2344,-1.694559913
Alaska,1989,141309,8010,5.668428762
Alaska,1990,152024,12628,8.306583171
Alaska,1991,160311,1304,0.813418917
Alaska,1992,164863,-1403,-0.851009626
Alaska,1993,164541,1500,0.911626889
Alaska,1994,170318,5971,3.505795042
Alaska,1995,174762,3600,2.059944382
Alaska,1996,176558,1683,0.953227834
Alaska,1997,180758,6122,3.386848715
Alaska,1998,192082,8874,4.619901917
Alaska,1999,196003,872,0.44489115
Alaska,2000,202660,10414,5.138655877
Alaska,2001,208803,3329,1.594325752
Alaska,2002,212600,1984,0.933207902
Alaska,2003,215239,6115,2.841027881
Alaska,2004,220919,5631,2.548898012
Alaska,2005,223863,7207,3.21937971
Alaska,2006,236491,11391,4.816673785
Alaska,2007,243528,2913,1.196166355
Alaska,2008,245971,2511,1.020852052
Alaska,2009,249547,3829,1.534380297
Alaska,2010,252845,1783,0.705175107
Alaska,2011,253952,894,0.35203503
Alaska,2012,256398,2869,1.118963486
Alaska,2013,261588,7547,2.885071181
Alaska,2014,264352,809,0.306031352
Alaska,2015,265730,2154,0.810597223
Alaska,2016,266229,-1897,-0.712544464
Alaska,2017,262508,-3603,-1.372529599
Alaska,2018,261620,-1086,-0.415105879
Alaska,2019,262684,2467,0.939151224
Alaska,2020,264194,524,0.198339099
Alaska,2021,258363,-13137,-5.084706401
Alaska,2022,254758,6225,2.443495396
Arizona,1978,660732,89002,13.47021183
Arizona,1979,752147,88536,11.77110326
Arizona,1980,809525,23120,2.8559958
Arizona,1981,831986,24072,2.893317916
Arizona,1982,845609,3093,0.365771887
Arizona,1983,851959,8813,1.034439451
Arizona,1984,910953,106839,11.72826699
Arizona,1985,1019796,110223,10.80833814
Arizona,1986,1107203,62383,5.634287479
Arizona,1987,1155432,27507,2.38066801
Arizona,1988,1178267,34551,2.932357437
Arizona,1989,1212440,37538,3.096070733
Arizona,1990,1243024,23630,1.901009152
Arizona,1991,1253084,-3482,-0.277874428
Arizona,1992,1258467,17732,1.40901589
Arizona,1993,1289608,45655,3.540223076
Arizona,1994,1366032,97601,7.144854586
Arizona,1995,1456625,86614,5.946211276
Arizona,1996,1528623,81625,5.339773116
Arizona,1997,1626115,89672,5.514493132
Arizona,1998,1716817,69897,4.071313367
Arizona,1999,1782523,67094,3.763990703
Arizona,2000,1870916,91289,4.879374595
Arizona,2001,1930754,18872,0.977441973
Arizona,2002,1940740,-11176,-0.575862815
Arizona,2003,1957825,38517,1.967336202
Arizona,2004,2011556,71829,3.570817815
Arizona,2005,2106815,115196,5.467779563
Arizona,2006,2257533,176694,7.826862332
Arizona,2007,2369533,47866,2.020060493
Arizona,2008,2356232,-75343,-3.197605329
Arizona,2009,2223221,-197688,-8.891963507
Arizona,2010,2094626,-64834,-3.095254236
Arizona,2011,2090179,57259,2.739430451
Arizona,2012,2131355,20547,0.964034616
Arizona,2013,2165099,48873,2.257310174
Arizona,2014,2219026,55542,2.502990051
Arizona,2015,2281526,69973,3.066938531
Arizona,2016,2362167,87228,3.692710973
Arizona,2017,2430308,67432,2.774627743
Arizona,2018,2508491,89653,3.57398133
Arizona,2019,2588470,69007,2.665937793
Arizona,2020,2643523,24549,0.928647112
Arizona,2021,2637822,-36317,-1.376779783
Arizona,2022,2705585,171330,6.332456751
Arkansas,1978,557026,47284,8.488652235
Arkansas,1979,592502,24683,4.165893111
Arkansas,1980,606405,207,0.034135602
Arkansas,1981,603364,-3202,-0.530691258
Arkansas,1982,592452,-19589,-3.3064282
Arkansas,1983,580899,-1111,-0.191255278
Arkansas,1984,605790,46843,7.732547582
Arkansas,1985,637570,17511,2.746521951
Arkansas,1986,650845,17407,2.67452312
Arkansas,1987,673318,21878,3.249281914
Arkansas,1988,694546,16691,2.403152563
Arkansas,1989,711083,20748,2.917802844
Arkansas,1990,733955,27099,3.692188213
Arkansas,1991,754472,2879,0.381591365
Arkansas,1992,772887,11390,1.473695378
Arkansas,1993,792870,28924,3.648012915
Arkansas,1994,822633,28031,3.40747332
Arkansas,1995,857507,44740,5.21745012
Arkansas,1996,881846,14516,1.646092402
Arkansas,1997,898023,14000,1.558980115
Arkansas,1998,930483,32362,3.477978641
Arkansas,1999,948688,3643,0.384004014
Arkansas,2000,969458,35618,3.674011664
Arkansas,2001,983304,-5579,-0.567372857
Arkansas,2002,977379,-18151,-1.857109678
Arkansas,2003,973807,9828,1.009234889
Arkansas,2004,986792,14409,1.460186139
Arkansas,2005,1002856,16362,1.631540321
Arkansas,2006,1026310,30650,2.986427103
Arkansas,2007,1033821,-15660,-1.514768998
Arkansas,2008,1018648,-13720,-1.34688332
Arkansas,2009,990888,-46365,-4.67913629
Arkansas,2010,965201,-7794,-0.807500199
Arkansas,2011,968111,13714,1.4165731
Arkansas,2012,973522,-3179,-0.326546293
Arkansas,2013,973246,1480,0.152068439
Arkansas,2014,978838,8889,0.908117584
Arkansas,2015,990056,12298,1.242151959
Arkansas,2016,1008508,24229,2.402459871
Arkansas,2017,1019895,15226,1.492898779
Arkansas,2018,1032979,12520,1.212028512
Arkansas,2019,1045745,13228,1.264935524
Arkansas,2020,1054783,-149,-0.014126128
Arkansas,2021,1046784,-18022,-1.721654133
Arkansas,2022,1062061,49694,4.679015612
California,1978,7013318,694390,9.901019746
California,1979,7721254,668790,8.66167594
California,1980,8161137,208761,2.557989163
California,1981,8359317,177498,2.123355293
California,1982,8381334,-94344,-1.125644199
California,1983,8290352,-26016,-0.31381056
California,1984,8603698,701441,8.152785
California,1985,9145367,381145,4.167629358
California,1986,9467853,340824,3.599802405
California,1987,9844148,350384,3.559312599
California,1988,10218504,346816,3.393999748
California,1989,10589867,411412,3.884959084
California,1990,11050861,418182,3.784157633
California,1991,11033952,-441393,-4.000316478
California,1992,10622654,-352102,-3.314633047
California,1993,10483140,-71530,-0.682333728
California,1994,10429265,-5890,-0.056475696
California,1995,10561987,278176,2.633746851
California,1996,10745703,206505,1.921744906
California,1997,11067065,364470,3.293285076
California,1998,11641769,499739,4.292638
California,1999,12041696,255838,2.124601053
California,2000,12454238,494307,3.9689863
California,2001,12807155,234728,1.832788
California,2002,12829705,-392035,-3.055682106
California,2003,12707730,148483,1.168446292
California,2004,12865796,174155,1.353627867
California,2005,13065731,171549,1.312969018
California,2006,13455240,510696,3.795517583
California,2007,13708851,-19145,-0.139654301
California,2008,13590668,-113986,-0.838707855
California,2009,13165889,-883172,-6.708031641
California,2010,12532960,-387935,-3.095318265
California,2011,12440184,192285,1.545676495
California,2012,12679312,279100,2.201223536
California,2013,13027822,432585,3.320470605
California,2014,13418033,362728,2.703287434
California,2015,13842090,466064,3.367005994
California,2016,14203801,310784,2.188034034
California,2017,14494578,330649,2.281190939
California,2018,14837003,310405,2.092100406
California,2019,15141990,318378,2.102616631
California,2020,15306099,128546,0.839835153
California,2021,14924257,-872931,-5.8490751
California,2022,15003925,1099540,7.328349082
Colorado,1978,870743,110161,12.65137934
Colorado,1979,976182,90898,9.311583291
Colorado,1980,1039365,32451,3.122194802
Colorado,1981,1074304,36147,3.364690069
Colorado,1982,1107055,28242,2.551092764
Colorado,1983,1112178,-24570,-2.209178747
Colorado,1984,1135319,66555,5.86222903
Colorado,1985,1188584,37029,3.115387722
Colorado,1986,1210887,9465,0.781658404
Colorado,1987,1209838,-16494,-1.363323023
Colorado,1988,1200658,2739,0.228124912
Colorado,1989,1214949,27341,2.250382526
Colorado,1990,1248735,39025,3.125162665
Colorado,1991,1277855,20537,1.607146351
Colorado,1992,1306413,42316,3.239098202
Colorado,1993,1361885,66562,4.8874905
Colorado,1994,1430343,61674,4.311832896
Colorado,1995,1500245,84711,5.646477742
Colorado,1996,1555247,42488,2.731913323
Colorado,1997,1613932,66026,4.091002595
Colorado,1998,1710629,94310,5.513176732
Colorado,1999,1790488,62989,3.517979456
Colorado,2000,1874985,96174,5.129321035
Colorado,2001,1940052,28060,1.446352984
Colorado,2002,1928553,-75496,-3.914644814
Colorado,2003,1881301,-17832,-0.947854703
Colorado,2004,1881603,22550,1.198446218
Colorado,2005,1904840,17108,0.898133177
Colorado,2006,1957366,84326,4.308136547
Colorado,2007,2021181,34982,1.730770277
Colorado,2008,2049582,21193,1.034015716
Colorado,2009,2010236,-111373,-5.540294771
Colorado,2010,1935345,-43340,-2.23939401
Colorado,2011,1924682,19670,1.021987009
Colorado,2012,1962787,55792,2.842488767
Colorado,2013,2018944,55199,2.73405305
Colorado,2014,2080754,70475,3.386993369
Colorado,2015,2151995,87799,4.079888661
Colorado,2016,2225646,58148,2.612634714
Colorado,2017,2282380,53771,2.355917945
Colorado,2018,2332943,46027,1.972915755
Colorado,2019,2384230,58562,2.456222764
Colorado,2020,2426674,21901,0.902511009
Colorado,2021,2394664,-88609,-3.700268597
Colorado,2022,2411999,124231,5.150541107
Connecticut,1978,1147727,56706,4.940721966
Connecticut,1979,1216900,78583,6.457638261
Connecticut,1980,1273807,30736,2.412924407
Connecticut,1981,1294007,12106,0.935543625
Connecticut,1982,1296680,-9963,-0.768346855
Connecticut,1983,1292628,4783,0.370021383
Connecticut,1984,1327126,71804,5.410488529
Connecticut,1985,1386789,45686,3.294372828
Connecticut,1986,1423599,28020,1.968250891
Connecticut,1987,1477623,76634,5.186302595
Connecticut,1988,1522259,26204,1.721389067
Connecticut,1989,1526515,-18864,-1.235755954
Connecticut,1990,1502115,-28861,-1.921357553
Connecticut,1991,1456290,-54194,-3.721374177
Connecticut,1992,1408023,-23306,-1.655228643
Connecticut,1993,1393584,-12158,-0.872426779
Connecticut,1994,1380244,-16733,-1.212321879
Connecticut,1995,1381847,24442,1.768792059
Connecticut,1996,1391447,7839,0.563370362
Connecticut,1997,1431284,41383,2.891319962
Connecticut,1998,1472882,21799,1.480023519
Connecticut,1999,1502061,32737,2.179472072
Connecticut,2000,1532890,17984,1.173208776
Connecticut,2001,1543146,1597,0.103489884
Connecticut,2002,1545772,-10243,-0.662646238
Connecticut,2003,1541380,-4855,-0.314977488
Connecticut,2004,1537869,-2069,-0.134536817
Connecticut,2005,1527337,-16357,-1.070948979
Connecticut,2006,1532130,24609,1.606195297
Connecticut,2007,1534702,-21164,-1.379029935
Connecticut,2008,1528995,5493,0.359255589
Connecticut,2009,1495952,-78473,-5.245689701
Connecticut,2010,1441708,-29122,-2.019965208
Connecticut,2011,1428940,4683,0.327725447
Connecticut,2012,1445397,27487,1.901692061
Connecticut,2013,1460051,2311,0.158282142
Connecticut,2014,1469777,14643,0.996273584
Connecticut,2015,1490767,19916,1.335956591
Connecticut,2016,1521141,42034,2.763320429
Connecticut,2017,1532531,5981,0.39026943
Connecticut,2018,1528907,-12768,-0.835106386
Connecticut,2019,1534515,23990,1.56336041
Connecticut,2020,1547398,1915,0.123756138
Connecticut,2021,1496254,-105482,-7.049738881
Connecticut,2022,1475269,64058,4.342123369
Delaware,1978,216707,8325,3.841592565
Delaware,1979,225152,8296,3.684621944
Delaware,1980,232444,6114,2.630310957
Delaware,1981,235673,5749,2.439396961
Delaware,1982,239317,1235,0.516051931
Delaware,1983,244517,8210,3.357639755
Delaware,1984,233807,12627,5.400608194
Delaware,1985,258615,34821,13.46441622
Delaware,1986,280334,7348,2.621159046
Delaware,1987,291154,-19984,-6.863721604
Delaware,1988,287748,14315,4.974839095
Delaware,1989,300534,10034,3.338723738
Delaware,1990,311426,8169,2.623095053
Delaware,1991,315736,709,0.224554691
Delaware,1992,311010,-8767,-2.818880422
Delaware,1993,307880,3413,1.108548785
Delaware,1994,312350,2536,0.811909717
Delaware,1995,321301,16874,5.251773259
Delaware,1996,329538,4123,1.251145543
Delaware,1997,341383,11775,3.449205145
Delaware,1998,351907,5293,1.504090569
Delaware,1999,356719,4814,1.349521612
Delaware,2000,368952,19212,5.207181422
Delaware,2001,381732,6336,1.659803213
Delaware,2002,385792,-1931,-0.500528782
Delaware,2003,383224,-2799,-0.730382231
Delaware,2004,387408,10287,2.655340107
Delaware,2005,393450,3226,0.819926293
Delaware,2006,391316,-4202,-1.073812469
Delaware,2007,387559,-3585,-0.925020448
Delaware,2008,384817,-862,-0.224002578
Delaware,2009,377212,-17328,-4.593703276
Delaware,2010,363867,-9908,-2.722972954
Delaware,2011,358589,-1815,-0.506150495
Delaware,2012,359221,2938,0.817880915
Delaware,2013,366886,11750,3.2026297
Delaware,2014,379362,12388,3.265482573
Delaware,2015,389564,7285,1.870039326
Delaware,2016,396483,7201,1.816219106
Delaware,2017,397915,-2293,-0.576253723
Delaware,2018,401490,6973,1.736780493
Delaware,2019,410280,10386,2.531441942
Delaware,2020,417474,3862,0.92508755
Delaware,2021,416152,-8726,-2.096830004
Delaware,2022,418403,13180,3.150073016
District of Columbia,1978,295583,22343,7.558959751
District of Columbia,1979,319496,22705,7.106505246
District of Columbia,1980,329881,-4277,-1.296528142
District of Columbia,1981,330912,7499,2.266161396
District of Columbia,1982,329984,-19582,-5.934227114
District of Columbia,1983,323162,3630,1.123275633
District of Columbia,1984,333100,16973,5.095466827
District of Columbia,1985,353712,23677,6.693863935
District of Columbia,1986,368426,7893,2.142356945
District of Columbia,1987,382533,20514,5.362674593
District of Columbia,1988,381280,-13761,-3.609158624
District of Columbia,1989,380015,10449,2.749628304
District of Columbia,1990,394114,3079,0.781246035
District of Columbia,1991,390301,-20705,-5.30488008
District of Columbia,1992,384063,10501,2.734186839
District of Columbia,1993,386598,4439,1.14822115
District of Columbia,1994,389099,4027,1.034955114
District of Columbia,1995,392154,1650,0.420753071
District of Columbia,1996,375141,-19808,-5.280147998
District of Columbia,1997,369135,9884,2.677611172
District of Columbia,1998,385185,2112,0.548307956
District of Columbia,1999,387547,3434,0.886086075
District of Columbia,2000,396359,12861,3.244785661
District of Columbia,2001,398100,4661,1.170811354
District of Columbia,2002,412763,586,0.141970089
District of Columbia,2003,412600,-298,-0.072224915
District of Columbia,2004,416508,8150,1.956745129
District of Columbia,2005,422561,3667,0.867803702
District of Columbia,2006,429977,10933,2.542694144
District of Columbia,2007,435219,-388,-0.08915052
District of Columbia,2008,438377,7140,1.628735084
District of Columbia,2009,446901,5151,1.152604268
District of Columbia,2010,460627,421,0.091397161
District of Columbia,2011,465831,11548,2.479010628
District of Columbia,2012,474947,9681,2.038332698
District of Columbia,2013,482214,5137,1.065294662
District of Columbia,2014,487804,6971,1.429057572
District of Columbia,2015,498425,15181,3.045794252
District of Columbia,2016,512108,11861,2.316113007
District of Columbia,2017,521150,6690,1.283699511
District of Columbia,2018,531039,13447,2.532205733
District of Columbia,2019,533215,-9212,-1.727633319
District of Columbia,2020,534560,9917,1.855170608
District of Columbia,2021,512230,-54362,-10.61281065
District of Columbia,2022,506178,41588,8.21608209
Florida,1978,2543861,244346,9.605320416
Florida,1979,2784445,222820,8.002312849
Florida,1980,2958442,125983,4.25842386
Florida,1981,3104610,164824,5.309008217
Florida,1982,3197002,6089,0.190459687
Florida,1983,3221489,38613,1.198607228
Florida,1984,3401571,307986,9.054228179
Florida,1985,3663111,218287,5.959060482
Florida,1986,3864158,184968,4.78676079
Florida,1987,4047730,171565,4.23854852
Florida,1988,4237151,191510,4.519782278
Florida,1989,4441580,186294,4.194318238
Florida,1990,4617645,113324,2.454151413
Florida,1991,4629815,-87605,-1.892192237
Florida,1992,4577133,7688,0.167965405
Florida,1993,4689648,197382,4.208887319
Florida,1994,4898305,192238,3.924582075
Florida,1995,5095612,222218,4.360967829
Florida,1996,5243537,131913,2.515725549
Florida,1997,5405267,139603,2.582721631
Florida,1998,5646538,231059,4.092047198
Florida,1999,5860754,155046,2.645495784
Florida,2000,6065288,254907,4.202718816
Florida,2001,6293148,191452,3.042229422
Florida,2002,6381237,-100074,-1.568253929
Florida,2003,6386861,138597,2.170033135
Florida,2004,6592735,140977,2.138368977
Florida,2005,6751381,165506,2.451439194
Florida,2006,7023408,367667,5.234880275
Florida,2007,7233565,-19159,-0.264862485
Florida,2008,7161561,-162240,-2.265427886
Florida,2009,6859164,-479143,-6.985443124
Florida,2010,6570206,-108437,-1.650435314
Florida,2011,6587457,118615,1.800618964
Florida,2012,6771474,244403,3.60930279
Florida,2013,7023725,183120,2.607163578
Florida,2014,7223457,261719,3.623182086
Florida,2015,7540789,327464,4.342569458
Florida,2016,7833394,230139,2.937921928
Florida,2017,7993327,212438,2.657691847
Florida,2018,8191211,231482,2.825980188
Florida,2019,8364786,167086,1.997492823
Florida,2020,8521700,144159,1.691669503
Florida,2021,8519574,-204980,-2.405988844
Florida,2022,8556525,504805,5.899649683
Georgia,1978,1572171,144133,9.167768646
Georgia,1979,1686475,71333,4.229709898
Georgia,1980,1733756,15114,0.871748966
Georgia,1981,1763207,47454,2.69134594
Georgia,1982,1787901,-5386,-0.301247105
Georgia,1983,1787847,15196,0.849960875
Georgia,1984,1885677,178325,9.456815775
Georgia,1985,2048950,149124,7.278069255
Georgia,1986,2179038,106951,4.908175075
Georgia,1987,2289236,85752,3.745878538
Georgia,1988,2379462,74889,3.147308089
Georgia,1989,2450078,81388,3.321853427
Georgia,1990,2522063,59541,2.36080542
Georgia,1991,2507261,-92604,-3.693432794
Georgia,1992,2487254,43261,1.739307686
Georgia,1993,2556916,97209,3.801806551
Georgia,1994,2667630,111997,4.198370839
Georgia,1995,2807016,161362,5.748524412
Georgia,1996,2913010,93256,3.201362165
Georgia,1997,2998499,74616,2.488445052
Georgia,1998,3148290,118449,3.762328121
Georgia,1999,3267887,118662,3.631153709
Georgia,2000,3376045,101280,2.999960012
Georgia,2001,3434940,-8910,-0.259393177
Georgia,2002,3419097,-92099,-2.693664438
Georgia,2003,3363210,-15593,-0.463634444
Georgia,2004,3393951,68594,2.021066303
Georgia,2005,3452850,43820,1.269096543
Georgia,2006,3545080,125947,3.552726596
Georgia,2007,3620490,15632,0.431764761
Georgia,2008,3624202,-10357,-0.285773254
Georgia,2009,3517648,-229593,-6.526889558
Georgia,2010,3357954,-84355,-2.512095163
Georgia,2011,3321994,13955,0.420079025
Georgia,2012,3351899,45576,1.359706841
Georgia,2013,3409387,72273,2.119823886
Georgia,2014,3481322,73659,2.115834157
Georgia,2015,3588210,130543,3.638109252
Georgia,2016,3718909,109225,2.937017281
Georgia,2017,3811625,90707,2.379746171
Georgia,2018,3910709,84855,2.169811152
Georgia,2019,3994888,79746,1.996201145
Georgia,2020,4071786,64830,1.592176013
Georgia,2021,4074622,-69722,-1.711128051
Georgia,2022,4110120,189001,4.598430216
Hawaii,1978,271280,20352,7.502211737
Hawaii,1979,293863,19850,6.754848348
Hawaii,1980,308936,9002,2.913872129
Hawaii,1981,317463,9117,2.871830733
Hawaii,1982,316850,-9197,-2.902635316
Hawaii,1983,310697,-2112,-0.679761955
Hawaii,1984,313689,7427,2.367631635
Hawaii,1985,320881,7080,2.206425435
Hawaii,1986,334149,17791,5.324271508
Hawaii,1987,355873,21251,5.971512309
Hawaii,1988,375158,17450,4.651373555
Hawaii,1989,396350,25192,6.355998486
Hawaii,1990,419472,23363,5.569620857
Hawaii,1991,432418,4619,1.0681794
Hawaii,1992,439984,12313,2.798510855
Hawaii,1993,439198,-13000,-2.959940619
Hawaii,1994,430260,-7212,-1.676195789
Hawaii,1995,422647,-3344,-0.791204007
Hawaii,1996,415713,-2084,-0.501307392
Hawaii,1997,417086,-125,-0.029969838
Hawaii,1998,413053,-5396,-1.306369885
Hawaii,1999,413352,3277,0.792786777
Hawaii,2000,422968,14097,3.332876246
Hawaii,2001,434539,6093,1.402175639
Hawaii,2002,441054,-3421,-0.775641985
Hawaii,2003,448429,19412,4.328890415
Hawaii,2004,464568,13105,2.820900277
Hawaii,2005,478900,15351,3.205470871
Hawaii,2006,498166,23686,4.75464002
Hawaii,2007,512829,6534,1.274108913
Hawaii,2008,516898,-202,-0.039079277
Hawaii,2009,502129,-31943,-6.361512679
Hawaii,2010,482001,-8810,-1.827797038
Hawaii,2011,479926,5138,1.070581715
Hawaii,2012,486056,7530,1.549204207
Hawaii,2013,495972,12337,2.487438807
Hawaii,2014,510515,16466,3.225370459
Hawaii,2015,521092,4010,0.769537817
Hawaii,2016,526106,5683,1.080200568
Hawaii,2017,535640,13821,2.580277799
Hawaii,2018,547380,7446,1.360298148
Hawaii,2019,552210,2551,0.461961935
Hawaii,2020,551374,-4229,-0.766993003
Hawaii,2021,510029,-78289,-15.34991148
Hawaii,2022,488902,36075,7.378779387
Idaho,1978,229538,19395,8.449581333
Idaho,1979,243825,5747,2.357018353
Idaho,1980,246155,-247,-0.10034328
Idaho,1981,245041,-1873,-0.764361882
Idaho,1982,240327,-8095,-3.368327321
Idaho,1983,235617,-984,-0.417626911
Idaho,1984,242111,13656,5.640388086
Idaho,1985,251415,4798,1.908398465
Idaho,1986,255838,3433,1.341864774
Idaho,1987,263845,-10735,-4.068676685
Idaho,1988,262554,13062,4.974976576
Idaho,1989,280642,22789,8.120309861
Idaho,1990,299871,15125,5.043835516
Idaho,1991,309532,4732,1.528759547
Idaho,1992,317304,13486,4.25018279
Idaho,1993,331573,15112,4.55766905
Idaho,1994,351252,21625,6.156548575
Idaho,1995,367983,12497,3.396080797
Idaho,1996,377212,12129,3.215433231
Idaho,1997,389809,10995,2.820612146
Idaho,1998,413885,20556,4.966597002
Idaho,1999,430582,11893,2.762075516
Idaho,2000,448195,12139,2.708419326
Idaho,2001,458639,8188,1.785282106
Idaho,2002,458202,-10980,-2.396323019
Idaho,2003,458684,11467,2.499978198
Idaho,2004,474758,20413,4.29966425
Idaho,2005,499601,28545,5.71355942
Idaho,2006,528353,26878,5.087129249
Idaho,2007,544086,4260,0.782964458
Idaho,2008,541083,-10708,-1.978993981
Idaho,2009,518321,-36897,-7.118561664
Idaho,2010,494418,-10550,-2.133821989
Idaho,2011,485533,-6110,-1.25841086
Idaho,2012,488435,12640,2.587857136
Idaho,2013,504037,17162,3.404908767
Idaho,2014,521418,17876,3.428343479
Idaho,2015,540088,17948,3.323162151
Idaho,2016,556758,16283,2.924609974
Idaho,2017,571330,14871,2.602873996
Idaho,2018,588533,20292,3.44789502
Idaho,2019,608018,20628,3.392662717
Idaho,2020,629216,21026,3.341618776
Idaho,2021,644606,9046,1.403337853
Idaho,2022,667592,39323,5.890274299
Illinois,1978,3962312,199341,5.030926388
Illinois,1979,4160588,166914,4.011788718
Illinois,1980,4201004,-80000,-1.904306685
Illinois,1981,4129997,-71117,-1.72196251
Illinois,1982,3991654,-162888,-4.080714411
Illinois,1983,3882719,-72215,-1.859907967
Illinois,1984,3923015,157192,4.006918148
Illinois,1985,4045719,80689,1.994429173
Illinois,1986,4137989,98422,2.378498348
Illinois,1987,4204384,6351,0.151056611
Illinois,1988,4287483,151113,3.524515432
Illinois,1989,4437351,137576,3.100408329
Illinois,1990,4582926,110978,2.421553392
Illinois,1991,4610540,-55027,-1.193504449
Illinois,1992,4557674,-17291,-0.379382115
Illinois,1993,4586507,66082,1.440791435
Illinois,1994,4692791,114160,2.432667468
Illinois,1995,4816465,151881,3.153370781
Illinois,1996,4866477,49674,1.020738411
Illinois,1997,4952542,81382,1.643236948
Illinois,1998,5120684,125786,2.456429649
Illinois,1999,5251495,114787,2.185796616
Illinois,2000,5377725,119265,2.217759369
Illinois,2001,5401704,-83854,-1.552361995
Illinois,2002,5280782,-221318,-4.191008074
Illinois,2003,5180534,18040,0.34822665
Illinois,2004,5197683,15093,0.290379386
Illinois,2005,5212682,18801,0.360678054
Illinois,2006,5288678,115812,2.189810005
Illinois,2007,5350520,3761,0.070292233
Illinois,2008,5370851,38310,0.713294783
Illinois,2009,5235657,-336200,-6.421352659
Illinois,2010,5014574,-145750,-2.906528052
Illinois,2011,4983453,78021,1.565601201
Illinois,2012,5058379,76084,1.504118217
Illinois,2013,5124977,61116,1.192512669
Illinois,2014,5224022,128516,2.460096837
Illinois,2015,5306666,105752,1.992814321
Illinois,2016,5391711,47252,0.876382284
Illinois,2017,5403751,-6166,-0.114105924
Illinois,2018,5426232,36250,0.668051053
Illinois,2019,5462603,37107,0.679291539
Illinois,2020,5493700,-2458,-0.044742159
Illinois,2021,5362248,-260080,-4.850204616
Illinois,2022,5359933,256937,4.793660667
Indiana,1978,1737998,105340,6.060996618
Indiana,1979,1851083,93008,5.024518079
Indiana,1980,1854961,-81438,-4.390280982
Indiana,1981,1797079,-33977,-1.890679263
Indiana,1982,1738878,-82881,-4.766349336
Indiana,1983,1680129,-34847,-2.074066932
Indiana,1984,1718048,108642,6.323571868
Indiana,1985,1789941,37275,2.082470875
Indiana,1986,1834817,50699,2.763163847
Indiana,1987,1900929,70199,3.692878587
Indiana,1988,1966348,70621,3.591480247
Indiana,1989,2055904,98428,4.78757763
Indiana,1990,2130485,45054,2.114729745
Indiana,1991,2124843,-39799,-1.873032502
Indiana,1992,2138492,30841,1.442184493
Indiana,1993,2186473,58778,2.688256384
Indiana,1994,2254369,50056,2.220399589
Indiana,1995,2324049,92333,3.972936887
Indiana,1996,2366556,20792,0.878576294
Indiana,1997,2410824,40790,1.691952627
Indiana,1998,2497809,64044,2.564007096
Indiana,1999,2555069,45961,1.798816392
Indiana,2000,2630223,97440,3.704628847
Indiana,2001,2620638,-69734,-2.66095508
Indiana,2002,2566985,-75141,-2.927208379
Indiana,2003,2533806,11027,0.435195118
Indiana,2004,2560662,43471,1.697646937
Indiana,2005,2592529,18994,0.732643685
Indiana,2006,2634041,54368,2.064052913
Indiana,2007,2648262,-25738,-0.971882691
Indiana,2008,2615549,-40311,-1.541206072
Indiana,2009,2516709,-164978,-6.55530695
Indiana,2010,2415398,-38835,-1.607809562
Indiana,2011,2414095,38202,1.582456366
Indiana,2012,2468804,72170,2.92327783
Indiana,2013,2524748,38438,1.522448973
Indiana,2014,2573871,59627,2.316627368
Indiana,2015,2636273,68575,2.601210117
Indiana,2016,2699546,58115,2.152769392
Indiana,2017,2752496,52590,1.91062948
Indiana,2018,2797093,30434,1.088058209
Indiana,2019,2824133,24061,0.851978289
Indiana,2020,2829907,-11133,-0.393405154
Indiana,2021,2791258,-67580,-2.421130544
Indiana,2022,2814004,115360,4.09949666
Iowa,1978,847517,57913,6.833255262
Iowa,1979,897651,37758,4.206311807
Iowa,1980,907687,-11705,-1.289541439
Iowa,1981,892145,-19176,-2.149426382
Iowa,1982,862290,-41106,-4.767073722
Iowa,1983,831474,-24039,-2.891130691
Iowa,1984,835625,31733,3.797516829
Iowa,1985,851980,1329,0.155989577
Iowa,1986,859740,8900,1.035196687
Iowa,1987,872929,19093,2.187234013
Iowa,1988,907108,44983,4.958946454
Iowa,1989,960112,55827,5.814634126
Iowa,1990,1004993,31935,3.177634073
Iowa,1991,1024277,6099,0.595444396
Iowa,1992,1033749,17087,1.652915746
Iowa,1993,1036604,16126,1.555656741
Iowa,1994,1062389,24313,2.288521436
Iowa,1995,1095733,41964,3.829765098
Iowa,1996,1124613,29706,2.641441989
Iowa,1997,1149892,14084,1.224810678
Iowa,1998,1195305,42284,3.537507163
Iowa,1999,1231319,27255,2.213480016
Iowa,2000,1264050,27372,2.165420672
Iowa,2001,1256142,-24379,-1.940783765
Iowa,2002,1242695,-25897,-2.083938537
Iowa,2003,1227831,-2672,-0.217619526
Iowa,2004,1234065,16665,1.350415092
Iowa,2005,1252987,21290,1.699139736
Iowa,2006,1281912,35321,2.75533734
Iowa,2007,1297260,-2698,-0.207976813
Iowa,2008,1301238,13297,1.021873016
Iowa,2009,1292525,-30285,-2.343088141
Iowa,2010,1262179,-29540,-2.340397044
Iowa,2011,1251273,10744,0.858645555
Iowa,2012,1270653,24710,1.944669394
Iowa,2013,1289962,14991,1.162127256
Iowa,2014,1301483,7829,0.601544546
Iowa,2015,1320827,30711,2.325134177
Iowa,2016,1344451,18460,1.373051156
Iowa,2017,1352421,4,0.000295766
Iowa,2018,1360429,15066,1.107444784
Iowa,2019,1376146,21888,1.590528912
Iowa,2020,1389545,5895,0.424239589
Iowa,2021,1372436,-41322,-3.010850779
Iowa,2022,1366696,34396,2.51672647
Kansas,1978,691344,42512,6.149181883
Kansas,1979,738763,48628,6.582354558
Kansas,1980,767181,7954,1.036782715
Kansas,1981,778315,11860,1.523804629
Kansas,1982,778612,-17418,-2.237057739
Kansas,1983,750451,-39247,-5.229788487
Kansas,1984,759948,59412,7.81790333
Kansas,1985,796981,18319,2.29854915
Kansas,1986,815121,14583,1.789059538
Kansas,1987,798646,-2887,-0.361486816
Kansas,1988,811140,20222,2.493034495
Kansas,1989,841630,49719,5.907465276
Kansas,1990,879451,24849,2.825512735
Kansas,1991,889914,-3445,-0.387116058
Kansas,1992,891774,8670,0.972219419
Kansas,1993,903521,15635,1.730452308
Kansas,1994,927788,29099,3.136384605
Kansas,1995,957275,29394,3.070591
Kansas,1996,977267,30443,3.11511593
Kansas,1997,1011239,31130,3.078401842
Kansas,1998,1060172,33768,3.185143543
Kansas,1999,1086842,21979,2.022281068
Kansas,2000,1108590,21916,1.976925644
Kansas,2001,1117695,-17699,-1.583526812
Kansas,2002,1107993,-15720,-1.418781527
Kansas,2003,1105309,5754,0.520578408
Kansas,2004,1112249,8337,0.749562373
Kansas,2005,1120905,6157,0.549288298
Kansas,2006,1144780,31938,2.789881025
Kansas,2007,1170662,18365,1.568770491
Kansas,2008,1184934,11704,0.987734338
Kansas,2009,1174626,-37042,-3.153514395
Kansas,2010,1140975,-33045,-2.896207191
Kansas,2011,1124579,50,0.004446108
Kansas,2012,1134477,20983,1.849574738
Kansas,2013,1151049,16817,1.461015126
Kansas,2014,1168688,19335,1.654419315
Kansas,2015,1184253,14619,1.234449058
Kansas,2016,1190176,-2108,-0.177116662
Kansas,2017,1191017,11608,0.974629245
Kansas,2018,1197143,-1378,-0.115107385
Kansas,2019,1201582,13289,1.105958645
Kansas,2020,1206567,-7185,-0.595491175
Kansas,2021,1200046,-11068,-0.922297979
Kansas,2022,1209224,27824,2.300979802
Kentucky,1978,891063,62251,6.98615025
Kentucky,1979,955617,51310,5.369305904
Kentucky,1980,967498,-22869,-2.363725816
Kentucky,1981,959919,-5915,-0.616197825
Kentucky,1982,948894,-18242,-1.922448661
Kentucky,1983,926478,-25433,-2.745127245
Kentucky,1984,951935,74919,7.870180212
Kentucky,1985,1006817,39080,3.881539545
Kentucky,1986,1040381,29370,2.823004265
Kentucky,1987,1076843,-36098,-3.352206403
Kentucky,1988,1077942,42824,3.972755491
Kentucky,1989,1123709,49917,4.442164297
Kentucky,1990,1171338,37511,3.202406137
Kentucky,1991,1189434,-3029,-0.254658939
Kentucky,1992,1194351,17880,1.49704735
Kentucky,1993,1224392,39024,3.187214552
Kentucky,1994,1265601,35348,2.792981358
Kentucky,1995,1311617,58942,4.493842334
Kentucky,1996,1340210,14854,1.108333769
Kentucky,1997,1374466,49928,3.632538018
Kentucky,1998,1431822,39962,2.790989383
Kentucky,1999,1454005,10389,0.714509235
Kentucky,2000,1487734,47079,3.164476983
Kentucky,2001,1499930,-24740,-1.649410306
Kentucky,2002,1478590,-29023,-1.962883558
Kentucky,2003,1464743,1112,0.075917755
Kentucky,2004,1476099,19020,1.28853146
Kentucky,2005,1499800,23543,1.569742632
Kentucky,2006,1528896,35554,2.325468835
Kentucky,2007,1544682,-7034,-0.455368807
Kentucky,2008,1539470,-2716,-0.176424354
Kentucky,2009,1506974,-74155,-4.920788282
Kentucky,2010,1455623,-28095,-1.930101407
Kentucky,2011,1444532,6635,0.459318312
Kentucky,2012,1463872,32490,2.219456346
Kentucky,2013,1492855,23224,1.555676874
Kentucky,2014,1519336,29665,1.95249767
Kentucky,2015,1556088,42467,2.729087301
Kentucky,2016,1591337,28148,1.768827093
Kentucky,2017,1609631,19236,1.195056507
Kentucky,2018,1627751,16912,1.038979549
Kentucky,2019,1652948,32540,1.968603973
Kentucky,2020,1667729,-7862,-0.471419517
Kentucky,2021,1650533,-31407,-1.902839871
Kentucky,2022,1648347,29885,1.813028446
Louisiana,1978,1108594,130741,11.79340678
Louisiana,1979,1205195,82468,6.842710101
Louisiana,1980,1252550,17326,1.383258153
Louisiana,1981,1293061,67847,5.247006908
Louisiana,1982,1331983,11559,0.867803868
Louisiana,1983,1290341,-100200,-7.765389149
Louisiana,1984,1253202,31437,2.508534139
Louisiana,1985,1266268,-3747,-0.295908923
Louisiana,1986,1252758,-29105,-2.323273928
Louisiana,1987,1212568,-64774,-5.341885981
Louisiana,1988,1181560,14009,1.185635939
Louisiana,1989,1203279,31223,2.594826304
Louisiana,1990,1247305,57307,4.594465668
Louisiana,1991,1288973,20701,1.606007263
Louisiana,1992,1298263,12154,0.936173949
Louisiana,1993,1314790,21033,1.59972315
Louisiana,1994,1353696,53528,3.954211285
Louisiana,1995,1394368,34913,2.503858379
Louisiana,1996,1421115,40377,2.841219746
Louisiana,1997,1460859,35886,2.456499909
Louisiana,1998,1541179,49939,3.240311476
Louisiana,1999,1571278,2806,0.178580748
Louisiana,2000,1585224,22169,1.398477439
Louisiana,2001,1591734,-9873,-0.620266954
Louisiana,2002,1584861,-23191,-1.4632829
Louisiana,2003,1583895,19226,1.213843089
Louisiana,2004,1606353,23148,1.441028217
Louisiana,2005,1614475,-7671,-0.475138977
Louisiana,2006,1599041,-23917,-1.495708991
Louisiana,2007,1612329,47647,2.955166098
Louisiana,2008,1635060,2704,0.165376194
Louisiana,2009,1637083,-16257,-0.993046779
Louisiana,2010,1610400,-39578,-2.457650273
Louisiana,2011,1599364,17053,1.066236329
Louisiana,2012,1618776,27252,1.683494196
Louisiana,2013,1652106,41343,2.502442337
Louisiana,2014,1690632,25684,1.519195189
Louisiana,2015,1708840,10452,0.611642986
Louisiana,2016,1706914,-17779,-1.041587332
Louisiana,2017,1688621,-13896,-0.822920004
Louisiana,2018,1685451,1621,0.096176038
Louisiana,2019,1701923,30667,1.801902906
Louisiana,2020,1710046,-13394,-0.783253784
Louisiana,2021,1649444,-107679,-6.528199806
Louisiana,2022,1621468,27379,1.688531627
Maine,1978,301757,24013,7.957727575
Maine,1979,313673,14369,4.580885189
Maine,1980,321335,1666,0.518462041
Maine,1981,322849,1021,0.316246914
Maine,1982,323572,438,0.135363999
Maine,1983,325536,4441,1.364211639
Maine,1984,337102,20387,6.047724428
Maine,1985,349814,5152,1.472782679
Maine,1986,358783,16777,4.676085545
Maine,1987,378890,24490,6.463617409
Maine,1988,404878,23165,5.721476593
Maine,1989,425628,19358,4.548103038
Maine,1990,428467,-12925,-3.01656837
Maine,1991,411054,-21993,-5.350391919
Maine,1992,396209,-4998,-1.261455444
Maine,1993,401271,14616,3.642426191
Maine,1994,413560,7853,1.898878035
Maine,1995,424472,14285,3.365357432
Maine,1996,430685,3981,0.924341456
Maine,1997,437274,10507,2.402841239
Maine,1998,454303,13772,3.031456979
Maine,1999,466752,10032,2.149321267
Maine,2000,482371,18484,3.831905318
Maine,2001,493327,3047,0.617643064
Maine,2002,494144,-13710,-2.774494884
Maine,2003,487724,2058,0.421959961
Maine,2004,491736,6379,1.297240796
Maine,2005,496323,2699,0.543799099
Maine,2006,502239,7722,1.537515008
Maine,2007,503547,-5016,-0.996133429
Maine,2008,503960,4614,0.915548853
Maine,2009,497424,-19220,-3.863906848
Maine,2010,484175,-8757,-1.808643569
Maine,2011,479365,-842,-0.175649036
Maine,2012,481535,5032,1.044991537
Maine,2013,485137,-510,-0.105124944
Maine,2014,488113,6152,1.260363891
Maine,2015,495400,8857,1.787848203
Maine,2016,505410,10267,2.031420035
Maine,2017,511219,3405,0.666055057
Maine,2018,514259,2721,0.529110818
Maine,2019,518939,6862,1.322313413
Maine,2020,522050,10,0.001915525
Maine,2021,514029,-15723,-3.058776839
Maine,2022,518924,26180,5.045054767
Maryland,1978,1165274,70344,6.0366918
Maryland,1979,1238894,67069,5.413618921
Maryland,1980,1288525,29170,2.263828796
Maryland,1981,1310877,12402,0.946084186
Maryland,1982,1316429,-2743,-0.208366725
Maryland,1983,1331681,26291,1.974271616
Maryland,1984,1396676,108351,7.75777632
Maryland,1985,1482239,101545,6.850784523
Maryland,1986,1570180,77280,4.921728719
Maryland,1987,1656993,80816,4.877268643
Maryland,1988,1724832,57788,3.350355281
Maryland,1989,1776845,46357,2.608950134
Maryland,1990,1821840,42136,2.312826593
Maryland,1991,1791181,-106199,-5.928993217
Maryland,1992,1730320,-30700,-1.774238291
Maryland,1993,1716867,5914,0.344464656
Maryland,1994,1736375,20663,1.190007919
Maryland,1995,1775265,65132,3.668860705
Maryland,1996,1797329,11244,0.62559498
Maryland,1997,1840935,57134,3.103531629
Maryland,1998,1921759,59108,3.075723855
Maryland,1999,1961592,26220,1.336669399
Maryland,2000,2031219,75998,3.741497101
Maryland,2001,2071742,13089,0.631787163
Maryland,2002,2078891,-28421,-1.367123144
Maryland,2003,2071525,14064,0.678920119
Maryland,2004,2114798,66163,3.128573036
Maryland,2005,2158628,14110,0.653655933
Maryland,2006,2200370,65955,2.997450429
Maryland,2007,2231456,-6886,-0.308587756
Maryland,2008,2223028,-3296,-0.148266239
Maryland,2009,2174872,-105383,-4.845480562
Maryland,2010,2096416,-49199,-2.346814754
Maryland,2011,2091207,33115,1.58353525
Maryland,2012,2127095,34678,1.6302986
Maryland,2013,2161959,34687,1.604424506
Maryland,2014,2193053,26064,1.188480169
Maryland,2015,2219548,27180,1.224573652
Maryland,2016,2257200,45467,2.014309764
Maryland,2017,2303672,49554,2.151087481
Maryland,2018,2343789,31419,1.340521694
Maryland,2019,2370646,21570,0.909878573
Maryland,2020,2395771,31405,1.310851496
Maryland,2021,2343574,-121045,-5.164974522
Maryland,2022,2337952,111337,4.76215936
Massachusetts,1978,1996634,151126,7.569038692
Massachusetts,1979,2148343,137215,6.387015481
Massachusetts,1980,2245037,54493,2.427265119
Massachusetts,1981,2305139,40742,1.767442224
Massachusetts,1982,2331382,-14613,-0.626795609
Massachusetts,1983,2342305,29517,1.260168936
Massachusetts,1984,2425230,168549,6.949815069
Massachusetts,1985,2564183,110828,4.322156414
Massachusetts,1986,2651260,67277,2.537548185
Massachusetts,1987,2737400,57504,2.100679477
Massachusetts,1988,2799349,54517,1.947488505
Massachusetts,1989,2852674,50303,1.763363076
Massachusetts,1990,2838291,-109566,-3.860280711
Massachusetts,1991,2686009,-201785,-7.512446905
Massachusetts,1992,2561942,-23661,-0.923557208
Massachusetts,1993,2566525,37774,1.471795521
Massachusetts,1994,2614551,31693,1.21217754
Massachusetts,1995,2662962,74370,2.792754835
Massachusetts,1996,2688634,40108,1.491761244
Massachusetts,1997,2744786,58966,2.148291342
Massachusetts,1998,2839102,73999,2.606422735
Massachusetts,1999,2905530,51147,1.760332882
Massachusetts,2000,2993830,106380,3.55330797
Massachusetts,2001,3059825,33782,1.104050068
Massachusetts,2002,3040113,-114435,-3.764169292
Massachusetts,2003,2976729,-24339,-0.817642453
Massachusetts,2004,2970867,3604,0.121311388
Massachusetts,2005,2982586,14876,0.498761813
Massachusetts,2006,3026413,66374,2.193157378
Massachusetts,2007,3057772,9747,0.318761503
Massachusetts,2008,3062553,5811,0.189743655
Massachusetts,2009,3017936,-107041,-3.546828031
Massachusetts,2010,2948073,-34773,-1.179516247
Massachusetts,2011,2949304,36172,1.226458853
Massachusetts,2012,2999944,63072,2.102439246
Massachusetts,2013,3055827,47280,1.547208006
Massachusetts,2014,3077002,20859,0.677900112
Massachusetts,2015,3129498,82792,2.645536121
Massachusetts,2016,3199432,62071,1.940063111
Massachusetts,2017,3263194,64022,1.961942808
Massachusetts,2018,3311332,53613,1.619076553
Massachusetts,2019,3351356,70657,2.108310785
Massachusetts,2020,3390728,10972,0.323588327
Massachusetts,2021,3288933,-216179,-6.572921978
Massachusetts,2022,3290020,210445,6.396465675
Michigan,1978,2845555,229258,8.056705985
Michigan,1979,3033325,167179,5.511410746
Michigan,1980,3010623,-211020,-7.009180492
Michigan,1981,2868798,-79837,-2.782942542
Michigan,1982,2737552,-98682,-3.604753444
Michigan,1983,2689347,-19147,-0.711957215
Michigan,1984,2721441,228344,8.390554857
Michigan,1985,2899233,123781,4.269439538
Michigan,1986,3034415,159698,5.262892518
Michigan,1987,3145357,44999,1.430648413
Michigan,1988,3187110,21223,0.665901083
Michigan,1989,3269343,132329,4.047571637
Michigan,1990,3365428,49023,1.45666465
Michigan,1991,3327774,-157207,-4.724088835
Michigan,1992,3261398,33471,1.026277688
Michigan,1993,3329150,89930,2.701290119
Michigan,1994,3446617,110791,3.214485392
Michigan,1995,3578946,159211,4.448544348
Michigan,1996,3640026,37444,1.028673971
Michigan,1997,3716626,95538,2.570557274
Michigan,1998,3849076,87244,2.266621911
Michigan,1999,3927850,61494,1.565589317
Michigan,2000,4006798,61370,1.531646966
Michigan,2001,4004288,-79277,-1.979802652
Michigan,2002,3923242,-113576,-2.894952695
Michigan,2003,3860106,-16123,-0.41768283
Michigan,2004,3858223,9506,0.246382856
Michigan,2005,3818470,-85583,-2.24129036
Michigan,2006,3771726,14914,0.395415786
Michigan,2007,3724010,-106271,-2.853671177
Michigan,2008,3637162,-56593,-1.555965888
Michigan,2009,3494053,-253436,-7.253353054
Michigan,2010,3325201,-90378,-2.717971034
Michigan,2011,3325361,100050,3.008695898
Michigan,2012,3415539,83801,2.453521977
Michigan,2013,3476581,67827,1.950968495
Michigan,2014,3545381,79434,2.24049263
Michigan,2015,3656765,123019,3.364148366
Michigan,2016,3764749,90351,2.399920951
Michigan,2017,3833766,54639,1.425204355
Michigan,2018,3886131,76652,1.972450234
Michigan,2019,3908231,35297,0.903145183
Michigan,2020,3954734,12411,0.313826417
Michigan,2021,3856017,-204247,-5.296838681
Michigan,2022,3827933,149717,3.911170859
Minnesota,1978,1304244,139291,10.67982678
Minnesota,1979,1429287,90258,6.314896868
Minnesota,1980,1480431,12067,0.815100467
Minnesota,1981,1478623,-12320,-0.833207653
Minnesota,1982,1457578,-31731,-2.176967545
Minnesota,1983,1430234,-27541,-1.925628953
Minnesota,1984,1465937,100569,6.860390317
Minnesota,1985,1550665,69022,4.451122583
Minnesota,1986,1589240,7914,0.497973874
Minnesota,1987,1626579,58998,3.627121708
Minnesota,1988,1684005,47106,2.797260103
Minnesota,1989,1738146,66401,3.820219935
Minnesota,1990,1800743,53565,2.974605482
Minnesota,1991,1812185,-22008,-1.214445545
Minnesota,1992,1817434,38477,2.117105766
Minnesota,1993,1864500,62704,3.363046393
Minnesota,1994,1939986,59747,3.079764493
Minnesota,1995,2006306,76503,3.81312721
Minnesota,1996,2054839,55404,2.696269635
Minnesota,1997,2117931,56596,2.672230587
Minnesota,1998,2212900,80870,3.654480546
Minnesota,1999,2280957,52682,2.309644592
Minnesota,2000,2343163,67284,2.871503178
Minnesota,2001,2374547,2326,0.097955526
Minnesota,2002,2374398,-40844,-1.72018339
Minnesota,2003,2358557,14271,0.605073356
Minnesota,2004,2373531,10322,0.434879511
Minnesota,2005,2397963,39372,1.641893557
Minnesota,2006,2444445,52995,2.16797678
Minnesota,2007,2489592,41661,1.673406727
Minnesota,2008,2499034,-30548,-1.222392332
Minnesota,2009,2433933,-113527,-4.664343677
Minnesota,2010,2363781,-26270,-1.111355071
Minnesota,2011,2370670,40502,1.708462165
Minnesota,2012,2424301,69474,2.865733257
Minnesota,2013,2488772,36742,1.476310405
Minnesota,2014,2533612,47825,1.887621309
Minnesota,2015,2556625,43907,1.717381313
Minnesota,2016,2601233,49394,1.898868729
Minnesota,2017,2638984,33500,1.269427931
Minnesota,2018,2675683,39667,1.482499982
Minnesota,2019,2694615,1615,0.059934351
Minnesota,2020,2701107,10521,0.389506969
Minnesota,2021,2648509,-117303,-4.429020253
Minnesota,2022,2641171,103339,3.912620576
Mississippi,1978,583954,47267,8.094301948
Mississippi,1979,619036,21035,3.398025317
Mississippi,1980,624327,-9889,-1.583945593
Mississippi,1981,619655,-2059,-0.332281673
Mississippi,1982,613099,-15444,-2.519005903
Mississippi,1983,594906,-17750,-2.983664646
Mississippi,1984,611049,49196,8.051072827
Mississippi,1985,640810,9842,1.535868666
Mississippi,1986,658972,22953,3.483152547
Mississippi,1987,675323,3482,0.515605125
Mississippi,1988,690572,21104,3.056017331
Mississippi,1989,709742,16598,2.338596279
Mississippi,1990,728225,19592,2.690377287
Mississippi,1991,739963,1613,0.217983872
Mississippi,1992,745373,12499,1.676878556
Mississippi,1993,763995,33298,4.358405487
Mississippi,1994,804863,41168,5.114907754
Mississippi,1995,839640,35559,4.235029298
Mississippi,1996,851870,6445,0.756570838
Mississippi,1997,872440,23560,2.700472239
Mississippi,1998,924386,26512,2.868065938
Mississippi,1999,939117,4759,0.50675262
Mississippi,2000,949873,11845,1.247008811
Mississippi,2001,939678,-37269,-3.96614585
Mississippi,2002,919285,-11916,-1.296224783
Mississippi,2003,915146,3627,0.396330203
Mississippi,2004,923651,13432,1.454228924
Mississippi,2005,927949,-4687,-0.505092413
Mississippi,2006,936723,18206,1.943584176
Mississippi,2007,942349,-5971,-0.633629367
Mississippi,2008,940260,4984,0.530066152
Mississippi,2009,924777,-45583,-4.9290802
Mississippi,2010,891913,-19890,-2.230038132
Mississippi,2011,887797,11384,1.282275115
Mississippi,2012,896103,5797,0.646912241
Mississippi,2013,896718,3342,0.372692418
Mississippi,2014,903385,10336,1.144141202
Mississippi,2015,917186,17769,1.937338773
Mississippi,2016,932576,12217,1.310027279
Mississippi,2017,936125,2947,0.314808386
Mississippi,2018,942460,1842,0.195445961
Mississippi,2019,950440,13661,1.437334287
Mississippi,2020,954703,-5011,-0.524875275
Mississippi,2021,942421,-19754,-2.096090813
Mississippi,2022,937943,10034,1.069787823
Missouri,1978,1526711,122817,8.044548051
Missouri,1979,1631026,73212,4.488708335
Missouri,1980,1658694,-20113,-1.2125805
Missouri,1981,1642171,-8104,-0.493493065
Missouri,1982,1625141,-22058,-1.357297613
Missouri,1983,1608553,-13149,-0.817442758
Missouri,1984,1646316,96370,5.853675722
Missouri,1985,1716762,45975,2.678006619
Missouri,1986,1768883,59494,3.363365468
Missouri,1987,1825941,49847,2.729934866
Missouri,1988,1854291,30148,1.625850527
Missouri,1989,1903181,67242,3.533137416
Missouri,1990,1960342,44319,2.260778987
Missouri,1991,1954152,-31405,-1.607090953
Missouri,1992,1965575,21357,1.086552281
Missouri,1993,1988319,30366,1.527219727
Missouri,1994,2038978,57868,2.838088493
Missouri,1995,2100061,68434,3.258667248
Missouri,1996,2124347,34139,1.607035009
Missouri,1997,2180130,65053,2.98390463
Missouri,1998,2269867,36693,1.616526431
Missouri,1999,2311822,37047,1.602502269
Missouri,2000,2357309,43407,1.841379302
Missouri,2001,2373575,-8646,-0.364260662
Missouri,2002,2361022,-45581,-1.930562273
Missouri,2003,2354432,33697,1.431215682
Missouri,2004,2386989,25793,1.080566354
Missouri,2005,2396663,-7523,-0.313894778
Missouri,2006,2418115,52245,2.160567219
Missouri,2007,2439484,-10075,-0.412997175
Missouri,2008,2437987,11341,0.465178855
Missouri,2009,2388606,-109088,-4.567015238
Missouri,2010,2306071,-57837,-2.50803206
Missouri,2011,2278063,275,0.012071659
Missouri,2012,2295707,33385,1.454236102
Missouri,2013,2332010,32509,1.394033473
Missouri,2014,2374906,51874,2.184254872
Missouri,2015,2422981,45577,1.88103002
Missouri,2016,2473127,55449,2.242060355
Missouri,2017,2506099,29751,1.187143844
Missouri,2018,2521273,9249,0.366838498
Missouri,2019,2535182,19083,0.752727023
Missouri,2020,2555238,20893,0.817653776
Missouri,2021,2515679,-92424,-3.673918652
Missouri,2022,2516775,90267,3.586613821
Montana,1978,186901,22999,12.30544513
Montana,1979,206371,13459,6.521749664
Montana,1980,210888,-4729,-2.242422518
Montana,1981,208549,-40,-0.019180145
Montana,1982,205793,-5464,-2.655095168
Montana,1983,201401,-3979,-1.975660498
Montana,1984,203904,8512,4.174513497
Montana,1985,207120,-1881,-0.908169177
Montana,1986,204138,-3975,-1.94721218
Montana,1987,203863,2926,1.435277613
Montana,1988,206454,-878,-0.425276333
Montana,1989,209504,6732,3.213303803
Montana,1990,218486,10080,4.613567917
Montana,1991,223796,2129,0.951312803
Montana,1992,230048,12081,5.251512728
Montana,1993,239353,6288,2.627082176
Montana,1994,246279,6576,2.670142399
Montana,1995,254369,11791,4.635391891
Montana,1996,260952,5083,1.947867807
Montana,1997,266764,5502,2.062497189
Montana,1998,275530,3271,1.187166552
Montana,1999,282479,11553,4.089861547
Montana,2000,294126,10726,3.646736433
Montana,2001,301493,4037,1.339002896
Montana,2002,302201,-3112,-1.029778194
Montana,2003,302845,4676,1.544024171
Montana,2004,310291,10625,3.42420502
Montana,2005,321146,11512,3.584662428
Montana,2006,332876,10418,3.12969394
Montana,2007,348131,12211,3.507587661
Montana,2008,356458,4832,1.355559421
Montana,2009,349704,-19127,-5.469482763
Montana,2010,338770,-3003,-0.886442129
Montana,2011,336369,-1836,-0.545829134
Montana,2012,338618,6682,1.973315063
Montana,2013,347258,11052,3.18264806
Montana,2014,357574,9606,2.686436933
Montana,2015,366902,9622,2.622498651
Montana,2016,373226,3879,1.039316661
Montana,2017,375428,1951,0.519673546
Montana,2018,373307,-6818,-1.826378825
Montana,2019,373803,3806,1.018183375
Montana,2020,377604,3312,0.877109353
Montana,2021,380991,1434,0.376386844
Montana,2022,390778,18200,4.657375799
Nebraska,1978,449212,22774,5.069766614
Nebraska,1979,476602,27464,5.762460082
Nebraska,1980,488281,-4086,-0.836813228
Nebraska,1981,490223,8495,1.73288483
Nebraska,1982,485530,-17199,-3.542314584
Nebraska,1983,472893,-7862,-1.662532539
Nebraska,1984,479695,21552,4.492854835
Nebraska,1985,494821,6153,1.243479965
Nebraska,1986,499866,2046,0.409309695
Nebraska,1987,508878,12930,2.540884063
Nebraska,1988,528540,22743,4.302985583
Nebraska,1989,551651,23299,4.223503628
Nebraska,1990,575140,23727,4.12543033
Nebraska,1991,585647,2042,0.348674201
Nebraska,1992,589603,9086,1.541036935
Nebraska,1993,602518,16538,2.744814263
Nebraska,1994,621904,17741,2.852691091
Nebraska,1995,643176,26726,4.155316741
Nebraska,1996,663054,20186,3.044397591
Nebraska,1997,677274,6593,0.973461258
Nebraska,1998,701088,23875,3.405421288
Nebraska,1999,721076,13690,1.898551609
Nebraska,2000,740234,23639,3.193449639
Nebraska,2001,746831,-11519,-1.542383752
Nebraska,2002,741326,-1760,-0.23741242
Nebraska,2003,749145,17283,2.307030014
Nebraska,2004,756897,-832,-0.109922486
Nebraska,2005,763947,12762,1.670534736
Nebraska,2006,777497,13922,1.790617842
Nebraska,2007,787838,7071,0.897519541
Nebraska,2008,794011,474,0.059696906
Nebraska,2009,787411,-16654,-2.115032683
Nebraska,2010,775189,-10252,-1.322516186
Nebraska,2011,756987,3666,0.48428837
Nebraska,2012,766174,15209,1.985058224
Nebraska,2013,776468,3379,0.435175693
Nebraska,2014,784520,14981,1.909575282
Nebraska,2015,800153,15664,1.957625604
Nebraska,2016,815505,14321,1.756089785
Nebraska,2017,825374,9083,1.100470817
Nebraska,2018,836406,12549,1.500347917
Nebraska,2019,850038,11678,1.373820935
Nebraska,2020,861155,9624,1.117568846
Nebraska,2021,859367,-13964,-1.624916945
Nebraska,2022,872089,38519,4.41686571
Nevada,1978,265529,46010,17.32767419
Nevada,1979,313870,40391,12.8687036
Nevada,1980,338725,9823,2.899992619
Nevada,1981,347769,9402,2.703518715
Nevada,1982,352672,2021,0.573053716
Nevada,1983,346965,-16242,-4.681163806
Nevada,1984,356012,33345,9.366257317
Nevada,1985,379974,18194,4.788222352
Nevada,1986,398920,15231,3.818058759
Nevada,1987,425953,33240,7.803677871
Nevada,1988,457294,22292,4.874763281
Nevada,1989,488339,39526,8.09396751
Nevada,1990,528012,40116,7.597554601
Nevada,1991,539154,627,0.116293304
Nevada,1992,539427,3278,0.607681855
Nevada,1993,553128,22795,4.121107592
Nevada,1994,599786,54185,9.03405548
Nevada,1995,643668,43347,6.734372378
Nevada,1996,680381,42196,6.201819275
Nevada,1997,731468,43123,5.895404857
Nevada,1998,785701,39805,5.066176574
Nevada,1999,832508,51394,6.17339413
Nevada,2000,889528,57431,6.456345388
Nevada,2001,928369,18951,2.041321931
Nevada,2002,938484,-7221,-0.769432404
Nevada,2003,954691,35741,3.743724409
Nevada,2004,999774,52453,5.246485706
Nevada,2005,1055399,58800,5.571352635
Nevada,2006,1126133,76285,6.774066651
Nevada,2007,1177927,23186,1.968373252
Nevada,2008,1172405,-31852,-2.716808611
Nevada,2009,1103413,-116079,-10.51999569
Nevada,2010,1024366,-47265,-4.614073485
Nevada,2011,1001391,-4801,-0.479433109
Nevada,2012,1008611,19687,1.951892256
Nevada,2013,1034270,34151,3.301942433
Nevada,2014,1071125,34434,3.214750846
Nevada,2015,1107206,39361,3.554984348
Nevada,2016,1146591,30131,2.627876898
Nevada,2017,1176017,32257,2.742902526
Nevada,2018,1206702,26845,2.224658615
Nevada,2019,1243612,45032,3.621065091
Nevada,2020,1269919,9851,0.775718766
Nevada,2021,1215519,-121243,-9.974586987
Nevada,2022,1220730,126695,10.3786259
New Hampshire,1978,278253,31815,11.43383899
New Hampshire,1979,308465,25790,8.360754056
New Hampshire,1980,325007,5965,1.835345085
New Hampshire,1981,331537,5120,1.544322353
New Hampshire,1982,339246,9820,2.894654616
New Hampshire,1983,340472,1141,0.335123006
New Hampshire,1984,363942,42877,11.78127284
New Hampshire,1985,395273,23599,5.970304068
New Hampshire,1986,416702,18762,4.502498188
New Hampshire,1987,435922,20638,4.734333206
New Hampshire,1988,458266,19814,4.323689735
New Hampshire,1989,470807,3007,0.638690589
New Hampshire,1990,462743,-18533,-4.00503087
New Hampshire,1991,444307,-33764,-7.599250068
New Hampshire,1992,420503,3843,0.913905489
New Hampshire,1993,426982,10158,2.379023003
New Hampshire,1994,444510,19423,4.369530494
New Hampshire,1995,462526,20388,4.407968417
New Hampshire,1996,471644,14203,3.011381466
New Hampshire,1997,488316,13581,2.781190868
New Hampshire,1998,510124,21409,4.196822733
New Hampshire,1999,526304,11451,2.175738737
New Hampshire,2000,546252,24877,4.554125202
New Hampshire,2001,556707,3927,0.705397992
New Hampshire,2002,556568,-13980,-2.511822455
New Hampshire,2003,546124,-6892,-1.261984458
New Hampshire,2004,547133,8430,1.540758828
New Hampshire,2005,552248,2634,0.476959627
New Hampshire,2006,564132,19282,3.41799437
New Hampshire,2007,573603,-1478,-0.257669503
New Hampshire,2008,581146,16659,2.866577418
New Hampshire,2009,579187,-26963,-4.655318576
New Hampshire,2010,564013,-3781,-0.670374619
New Hampshire,2011,559211,-7930,-1.418069387
New Hampshire,2012,551902,-6376,-1.155277567
New Hampshire,2013,549751,2897,0.526965845
New Hampshire,2014,556906,13007,2.335582666
New Hampshire,2015,570245,14608,2.561705933
New Hampshire,2016,586183,16648,2.840068716
New Hampshire,2017,598403,9524,1.591569561
New Hampshire,2018,608158,9957,1.637239007
New Hampshire,2019,616818,7027,1.139233939
New Hampshire,2020,621709,-489,-0.078654161
New Hampshire,2021,603714,-34211,-5.666756113
New Hampshire,2022,600225,28262,4.70856762
New Jersey,1978,2367578,121436,5.129123518
New Jersey,1979,2497851,136731,5.473945403
New Jersey,1980,2580883,17015,0.65927049
New Jersey,1981,2600095,44827,1.72405239
New Jersey,1982,2616870,-2406,-0.0919419
New Jersey,1983,2630972,26414,1.003963554
New Jersey,1984,2722137,169850,6.239583092
New Jersey,1985,2875960,108597,3.776026092
New Jersey,1986,2953000,59689,2.021300373
New Jersey,1987,3055066,121047,3.962172994
New Jersey,1988,3157829,39239,1.2425942
New Jersey,1989,3217088,65419,2.03348494
New Jersey,1990,3252401,7466,0.22955349
New Jersey,1991,3159079,-161682,-5.118010661
New Jersey,1992,3056092,-39860,-1.304280107
New Jersey,1993,3047480,40727,1.336415661
New Jersey,1994,3085313,17917,0.580719039
New Jersey,1995,3132264,89637,2.861731961
New Jersey,1996,3153440,25249,0.800681161
New Jersey,1997,3215032,74522,2.317924052
New Jersey,1998,3348338,107928,3.2233305
New Jersey,1999,3420404,49916,1.459359772
New Jersey,2000,3499996,94725,2.706431664
New Jersey,2001,3575235,57399,1.6054609
New Jersey,2002,3596708,-41246,-1.14677088
New Jersey,2003,3571901,-10274,-0.287633952
New Jersey,2004,3592914,28682,0.79829353
New Jersey,2005,3597622,-31020,-0.862236222
New Jersey,2006,3623512,76759,2.118359205
New Jersey,2007,3651644,-21662,-0.593212263
New Jersey,2008,3612360,-48030,-1.329601701
New Jersey,2009,3508420,-182526,-5.202512812
New Jersey,2010,3388362,-67078,-1.979658608
New Jersey,2011,3364490,16862,0.501175512
New Jersey,2012,3403547,52890,1.553967082
New Jersey,2013,3447747,38658,1.121253967
New Jersey,2014,3490975,29260,0.838161259
New Jersey,2015,3520545,49646,1.41017939
New Jersey,2016,3585150,73699,2.0556741
New Jersey,2017,3636132,61805,1.699745774
New Jersey,2018,3699506,46584,1.259195147
New Jersey,2019,3757397,65778,1.75062683
New Jersey,2020,3794210,8605,0.226792929
New Jersey,2021,3686036,-252312,-6.845076934
New Jersey,2022,3685499,245112,6.650714055
New Mexico,1978,294586,33253,11.28804492
New Mexico,1979,325316,22872,7.030702455
New Mexico,1980,335534,-1608,-0.479236083
New Mexico,1981,337595,8676,2.569943275
New Mexico,1982,346831,8682,2.503236447
New Mexico,1983,348007,-6957,-1.999097719
New Mexico,1984,355585,21141,5.945413895
New Mexico,1985,375312,18013,4.799473505
New Mexico,1986,383808,-1050,-0.273574287
New Mexico,1987,387600,7316,1.8875129
New Mexico,1988,394719,5110,1.294591849
New Mexico,1989,401170,8150,2.031557694
New Mexico,1990,413341,15465,3.74146286
New Mexico,1991,424490,6384,1.503922354
New Mexico,1992,433452,9901,2.284220629
New Mexico,1993,446980,18973,4.244708936
New Mexico,1994,470367,20572,4.373606142
New Mexico,1995,490498,23582,4.8077668
New Mexico,1996,500512,12949,2.587150758
New Mexico,1997,511883,6297,1.230163924
New Mexico,1998,533801,9479,1.775755384
New Mexico,1999,540620,-691,-0.127816211
New Mexico,2000,547352,9002,1.644645493
New Mexico,2001,552492,2096,0.379372009
New Mexico,2002,555018,-3285,-0.591872696
New Mexico,2003,562641,18277,3.248430171
New Mexico,2004,577185,10686,1.851399465
New Mexico,2005,590025,16710,2.832083386
New Mexico,2006,615699,35212,5.719028291
New Mexico,2007,631851,876,0.138640281
New Mexico,2008,638934,-1201,-0.187969336
New Mexico,2009,626114,-27575,-4.404150043
New Mexico,2010,604311,-16308,-2.698610484
New Mexico,2011,594845,-807,-0.135665594
New Mexico,2012,593607,-1973,-0.332374787
New Mexico,2013,592845,479,0.080796836
New Mexico,2014,604449,21909,3.624623417
New Mexico,2015,620934,12176,1.960916941
New Mexico,2016,629117,3553,0.564759814
New Mexico,2017,627765,-2360,-0.375936855
New Mexico,2018,628321,3804,0.605423024
New Mexico,2019,633349,4903,0.774138745
New Mexico,2020,649294,6128,0.943794337
New Mexico,2021,628826,-46632,-7.415723905
New Mexico,2022,621777,32654,5.25172208
New York,1978,5532953,199527,3.606157508
New York,1979,5800647,260811,4.496239816
New York,1980,5925145,43148,0.728218466
New York,1981,5982680,70654,1.18097575
New York,1982,5962177,-25728,-0.431520232
New York,1983,5947716,-16316,-0.274323791
New York,1984,6066412,240739,3.96839186
New York,1985,6324374,214237,3.387481512
New York,1986,6487395,160811,2.478822393
New York,1987,6693688,231724,3.461828517
New York,1988,6842672,55036,0.804305686
New York,1989,6909244,81829,1.184340863
New York,1990,6974159,29663,0.425327269
New York,1991,6832614,-334721,-4.898871793
New York,1992,6602873,-117572,-1.780618831
New York,1993,6497661,-36051,-0.554830423
New York,1994,6531631,57057,0.873549042
New York,1995,6585742,71678,1.088381537
New York,1996,6582363,23620,0.3588377
New York,1997,6684900,108349,1.620802106
New York,1998,6863564,146597,2.13587285
New York,1999,6987316,89026,1.274108685
New York,2000,7167539,217668,3.036858258
New York,2001,7252401,5771,0.079573647
New York,2002,7260820,-174321,-2.400844533
New York,2003,7213025,98326,1.363172871
New York,2004,7328700,56202,0.766875435
New York,2005,7350323,-22357,-0.304163504
New York,2006,7420210,139939,1.885916975
New York,2007,7481119,-9523,-0.127293791
New York,2008,7504982,74626,0.994352818
New York,2009,7425783,-263882,-3.553591588
New York,2010,7263619,-69956,-0.963101176
New York,2011,7285600,109473,1.502594158
New York,2012,7417845,163732,2.207271789
New York,2013,7569949,124739,1.647818235
New York,2014,7724238,168851,2.18598909
New York,2015,7882304,146659,1.860610806
New York,2016,8035432,160444,1.996706587
New York,2017,8163272,90521,1.108881341
New York,2018,8268061,102438,1.23896038
New York,2019,8388166,168593,2.009891078
New York,2020,8488053,-7321,-0.08625064
New York,2021,8109552,-753246,-9.288379925
New York,2022,8002500,542607,6.780468604
North Carolina,1978,1811199,133678,7.3806357
North Carolina,1979,1947001,107646,5.52881072
North Carolina,1980,1997790,11467,0.573984253
North Carolina,1981,2009118,13029,0.648493518
North Carolina,1982,2005735,-25266,-1.259687845
North Carolina,1983,1989990,13533,0.680053669
North Carolina,1984,2082185,166319,7.987714828
North Carolina,1985,2205889,83296,3.776073955
North Carolina,1986,2284392,71326,3.122318761
North Carolina,1987,2375277,95653,4.027025059
North Carolina,1988,2491368,114032,4.577083755
North Carolina,1989,2586472,71908,2.780157682
North Carolina,1990,2664919,79483,2.9825672
North Carolina,1991,2649638,-96811,-3.653744398
North Carolina,1992,2620673,41198,1.572038938
North Carolina,1993,2676748,73848,2.758870092
North Carolina,1994,2783446,108383,3.893842381
North Carolina,1995,2898141,126662,4.370456786
North Carolina,1996,2979251,75341,2.528857085
North Carolina,1997,3071709,105609,3.43811865
North Carolina,1998,3199288,82459,2.577417225
North Carolina,1999,3281252,69598,2.121080612
North Carolina,2000,3363239,73403,2.182509182
North Carolina,2001,3418511,39616,1.158867121
North Carolina,2002,3390132,-120702,-3.560392339
North Carolina,2003,3338435,16913,0.506614626
North Carolina,2004,3355825,24575,0.732308747
North Carolina,2005,3387141,34014,1.004209745
North Carolina,2006,3469049,115842,3.339301347
North Carolina,2007,3545247,28594,0.80654465
North Carolina,2008,3551538,-4319,-0.121609286
North Carolina,2009,3443761,-229252,-6.657024108
North Carolina,2010,3271694,-101195,-3.093045988
North Carolina,2011,3244711,53021,1.634074653
North Carolina,2012,3298888,67682,2.051661045
North Carolina,2013,3360393,63057,1.876476948
North Carolina,2014,3418983,52181,1.526214082
North Carolina,2015,3501014,113176,3.232663451
North Carolina,2016,3614580,110864,3.067133664
North Carolina,2017,3712391,82745,2.22888699
North Carolina,2018,3814035,73273,1.921141259
North Carolina,2019,3896571,90115,2.3126744
North Carolina,2020,3961402,30286,0.764527306
North Carolina,2021,3947627,-61002,-1.545282774
North Carolina,2022,4016160,197587,4.919799012
North Dakota,1978,151427,14147,9.342455441
North Dakota,1979,166205,12899,7.760897687
North Dakota,1980,174315,3251,1.865014485
North Dakota,1981,176074,784,0.445267331
North Dakota,1982,178092,2698,1.514947331
North Dakota,1983,177678,-3510,-1.97548374
North Dakota,1984,178954,5744,3.209763403
North Dakota,1985,182296,508,0.278667661
North Dakota,1986,181752,-2072,-1.140014965
North Dakota,1987,180896,105,0.058044401
North Dakota,1988,184368,5534,3.001605485
North Dakota,1989,188987,3545,1.875790398
North Dakota,1990,193882,5881,3.033288289
North Dakota,1991,198310,3762,1.897029903
North Dakota,1992,204594,6974,3.408702112
North Dakota,1993,210918,6953,3.296541784
North Dakota,1994,218895,7096,3.241736906
North Dakota,1995,226068,9226,4.081072952
North Dakota,1996,230438,3297,1.430753608
North Dakota,1997,236773,8744,3.692988643
North Dakota,1998,247767,8237,3.324494384
North Dakota,1999,252272,-1159,-0.459424748
North Dakota,2000,254056,4238,1.668136159
North Dakota,2001,256436,1856,0.723767334
North Dakota,2002,257056,-3884,-1.510954811
North Dakota,2003,257898,6186,2.398622711
North Dakota,2004,264188,6491,2.456962466
North Dakota,2005,269959,4915,1.820646839
North Dakota,2006,277430,9461,3.410229607
North Dakota,2007,286405,8942,3.122152197
North Dakota,2008,298484,16578,5.55406655
North Dakota,2009,296111,-4616,-1.558874881
North Dakota,2010,294992,2742,0.929516733
North Dakota,2011,304062,11207,3.685761457
North Dakota,2012,321579,23512,7.311422699
North Dakota,2013,338282,10657,3.150330198
North Dakota,2014,351488,15992,4.549799709
North Dakota,2015,362238,5540,1.529381236
North Dakota,2016,356426,-18475,-5.183404129
North Dakota,2017,343958,-5631,-1.637118485
North Dakota,2018,343116,3763,1.096713648
North Dakota,2019,348772,6691,1.918445288
North Dakota,2020,353424,1936,0.547783965
North Dakota,2021,343950,-20905,-6.077918302
North Dakota,2022,337534,8734,2.587591176
Ohio,1978,3540740,200879,5.673362066
Ohio,1979,3734138,159011,4.258305397
Ohio,1980,3776792,-77888,-2.06227931
Ohio,1981,3683155,-103414,-2.807755851
Ohio,1982,3566895,-114422,-3.207888093
Ohio,1983,3448632,-65479,-1.898694903
Ohio,1984,3494661,191773,5.487599513
Ohio,1985,3632358,105064,2.892446174
Ohio,1986,3732900,100817,2.700768839
Ohio,1987,3866654,95083,2.459051159
Ohio,1988,3953371,109478,2.769231625
Ohio,1989,4096835,143965,3.514054142
Ohio,1990,4216936,76299,1.809346881
Ohio,1991,4210094,-144736,-3.43783298
Ohio,1992,4128223,-5828,-0.141174544
Ohio,1993,4157596,58646,1.410574765
Ohio,1994,4267595,119248,2.794267029
Ohio,1995,4408068,170875,3.876414792
Ohio,1996,4494347,65890,1.466063924
Ohio,1997,4577363,68954,1.50641319
Ohio,1998,4731818,131267,2.774134593
Ohio,1999,4812336,21153,0.439557836
Ohio,2000,4924450,134875,2.738884545
Ohio,2001,4938081,-106987,-2.166570374
Ohio,2002,4818784,-173309,-3.596529747
Ohio,2003,4738728,6726,0.141936824
Ohio,2004,4735555,-17884,-0.377653728
Ohio,2005,4731480,7223,0.152658365
Ohio,2006,4766480,63077,1.32334553
Ohio,2007,4777938,-45717,-0.956835354
Ohio,2008,4729183,-50642,-1.070840354
Ohio,2009,4585950,-257067,-5.605534295
Ohio,2010,4402066,-111345,-2.529380523
Ohio,2011,4390002,73408,1.672163247
Ohio,2012,4475640,100571,2.247075279
Ohio,2013,4539495,27424,0.604120062
Ohio,2014,4583610,54396,1.186750182
Ohio,2015,4648183,70090,1.507901044
Ohio,2016,4732578,81163,1.714984941
Ohio,2017,4783188,35919,0.750942677
Ohio,2018,4829804,53725,1.11236398
Ohio,2019,4867159,49749,1.022136322
Ohio,2020,4915342,3012,0.061277527
Ohio,2021,4853787,-144295,-2.972833377
Ohio,2022,4821026,128991,2.675592291
Oklahoma,1978,766467,67861,8.853740605
Oklahoma,1979,828890,60922,7.34982929
Oklahoma,1980,872342,30323,3.476044946
Oklahoma,1981,912536,58008,6.356790307
Oklahoma,1982,968699,53711,5.544653189
Oklahoma,1983,958333,-71997,-7.512733048
Oklahoma,1984,926556,13216,1.426357392
Oklahoma,1985,952757,46700,4.901564617
Oklahoma,1986,964087,-24633,-2.555059865
Oklahoma,1987,937693,-128816,-13.73754523
Oklahoma,1988,882379,13182,1.49391588
Oklahoma,1989,903163,26385,2.92139957
Oklahoma,1990,928287,22173,2.388593183
Oklahoma,1991,944639,13914,1.472943632
Oklahoma,1992,952704,8498,0.891987438
Oklahoma,1993,964058,12537,1.30044043
Oklahoma,1994,987819,28934,2.929079113
Oklahoma,1995,1015746,27479,2.70530231
Oklahoma,1996,1037759,30592,2.947890599
Oklahoma,1997,1074738,37134,3.455167678
Oklahoma,1998,1130582,45193,3.997321733
Oklahoma,1999,1154760,-2239,-0.193893103
Oklahoma,2000,1178369,43013,3.650214831
Oklahoma,2001,1204862,5629,0.467190433
Oklahoma,2002,1200584,-21020,-1.750814604
Oklahoma,2003,1181483,-18496,-1.565490151
Oklahoma,2004,1179485,13685,1.160252144
Oklahoma,2005,1200812,25799,2.148462873
Oklahoma,2006,1246106,62289,4.998691925
Oklahoma,2007,1287467,20309,1.57743849
Oklahoma,2008,1311156,23501,1.792387786
Oklahoma,2009,1304546,-40960,-3.139789628
Oklahoma,2010,1260337,-45939,-3.644977494
Oklahoma,2011,1250021,24786,1.982846688
Oklahoma,2012,1279352,31989,2.500406456
Oklahoma,2013,1307204,24910,1.905593924
Oklahoma,2014,1336828,35394,2.647610613
Oklahoma,2015,1360582,12242,0.899762014
Oklahoma,2016,1362038,-10867,-0.797848518
Oklahoma,2017,1354591,4516,0.333384763
Oklahoma,2018,1368810,21101,1.541557996
Oklahoma,2019,1391021,20292,1.458784591
Oklahoma,2020,1402407,2587,0.18446856
Oklahoma,2021,1378208,-60091,-4.360082078
Oklahoma,2022,1366798,40424,2.957569443
Oregon,1978,743307,108376,14.58024746
Oregon,1979,820544,39217,4.779390258
Oregon,1980,846060,3980,0.47041581
Oregon,1981,836642,-19050,-2.27695956
Oregon,1982,802052,-59311,-7.394907063
Oregon,1983,766070,-13808,-1.802446252
Oregon,1984,783098,51022,6.515404202
Oregon,1985,820702,25481,3.104781029
Oregon,1986,844512,21118,2.50061574
Oregon,1987,872119,34395,3.943842526
Oregon,1988,911348,43159,4.735732124
Oregon,1989,954758,45449,4.760263857
Oregon,1990,997667,41997,4.209520812
Oregon,1991,1021058,4155,0.40693085
Oregon,1992,1024585,11058,1.07926624
Oregon,1993,1041386,24996,2.400262727
Oregon,1994,1087407,57130,5.253782622
Oregon,1995,1142530,55382,4.847312543
Oregon,1996,1187392,51643,4.349279766
Oregon,1997,1248159,46613,3.734540231
Oregon,1998,1292502,24512,1.896476756
Oregon,1999,1311709,16974,1.294037016
Oregon,2000,1336847,23805,1.780682457
Oregon,2001,1352653,12276,0.90754983
Oregon,2002,1346260,-37649,-2.796562328
Oregon,2003,1327820,4813,0.362473829
Oregon,2004,1340652,17002,1.268188911
Oregon,2005,1375639,52422,3.810738137
Oregon,2006,1430576,54865,3.835168492
Oregon,2007,1469845,15158,1.031265201
Oregon,2008,1478110,-1691,-0.114402852
Oregon,2009,1419266,-110613,-7.79367645
Oregon,2010,1339016,-28243,-2.109235439
Oregon,2011,1333126,14998,1.125024941
Oregon,2012,1353238,26016,1.922499959
Oregon,2013,1382223,30472,2.204564676
Oregon,2014,1416494,36388,2.568877807
Oregon,2015,1464778,58859,4.018288096
Oregon,2016,1522747,49709,3.26442935
Oregon,2017,1570330,46408,2.955302389
Oregon,2018,1609957,29644,1.841291413
Oregon,2019,1634659,18220,1.114605554
Oregon,2020,1651705,16481,0.997817407
Oregon,2021,1616068,-85291,-5.277686335
Oregon,2022,1616420,89899,5.561611462
Pennsylvania,1978,3797071,141769,3.733641009
Pennsylvania,1979,3961436,163536,4.128199976
Pennsylvania,1980,4055109,6130,0.15116733
Pennsylvania,1981,4031438,-39724,-0.985355598
Pennsylvania,1982,3981438,-40788,-1.024453979
Pennsylvania,1983,3924582,-86258,-2.197890119
Pennsylvania,1984,3921429,137502,3.506425846
Pennsylvania,1985,4025479,65840,1.635581753
Pennsylvania,1986,4096341,93033,2.271124401
Pennsylvania,1987,4222033,119481,2.829939984
Pennsylvania,1988,4331941,96530,2.228331365
Pennsylvania,1989,4442657,111685,2.513923537
Pennsylvania,1990,4553773,88556,1.944673131
Pennsylvania,1991,4554170,-101823,-2.235819041
Pennsylvania,1992,4494144,-51721,-1.150853199
Pennsylvania,1993,4487723,29080,0.647990083
Pennsylvania,1994,4529388,23796,0.52536899
Pennsylvania,1995,4596517,111337,2.422203595
Pennsylvania,1996,4622838,41832,0.904898679
Pennsylvania,1997,4702029,94647,2.012896986
Pennsylvania,1998,4843631,98390,2.031327324
Pennsylvania,1999,4919644,49800,1.012268367
Pennsylvania,2000,5011295,113139,2.257679901
Pennsylvania,2001,5065369,-365,-0.007205793
Pennsylvania,2002,5055688,-82541,-1.632636349
Pennsylvania,2003,5000175,-25058,-0.50114246
Pennsylvania,2004,5018737,60312,1.201736612
Pennsylvania,2005,5064251,8241,0.162728901
Pennsylvania,2006,5129632,115905,2.259518811
Pennsylvania,2007,5184349,-5281,-0.101864284
Pennsylvania,2008,5192826,24503,0.471862527
Pennsylvania,2009,5120931,-187098,-3.653593458
Pennsylvania,2010,4994590,-71009,-1.421718299
Pennsylvania,2011,5012434,93585,1.867057003
Pennsylvania,2012,5102704,87745,1.719578482
Pennsylvania,2013,5153743,9281,0.180082709
Pennsylvania,2014,5195308,69751,1.342576802
Pennsylvania,2015,5263575,55930,1.06258579
Pennsylvania,2016,5321351,57440,1.079425131
Pennsylvania,2017,5380206,73151,1.359631955
Pennsylvania,2018,5447013,49498,0.908718228
Pennsylvania,2019,5515829,85587,1.551661591
Pennsylvania,2020,5531647,6836,0.123579831
Pennsylvania,2021,5396307,-279468,-5.178875108
Pennsylvania,2022,5435305,294753,5.422933948
Rhode Island,1978,314790,21223,6.741954954
Rhode Island,1979,335128,16933,5.052696283
Rhode Island,1980,342659,-1530,-0.446508044
Rhode Island,1981,340633,155,0.045503518
Rhode Island,1982,337332,-6907,-2.047537737
Rhode Island,1983,332325,-1567,-0.471526367
Rhode Island,1984,342757,21914,6.393450754
Rhode Island,1985,356861,5026,1.408391503
Rhode Island,1986,366818,18606,5.072270172
Rhode Island,1987,385555,17353,4.500784583
Rhode Island,1988,400335,7790,1.945870334
Rhode Island,1989,403623,-2293,-0.568104394
Rhode Island,1990,397296,-11706,-2.946417784
Rhode Island,1991,378083,-27047,-7.153720215
Rhode Island,1992,360987,-4322,-1.197273032
Rhode Island,1993,361911,8346,2.306091829
Rhode Island,1994,369198,3383,0.916310489
Rhode Island,1995,367696,7524,2.046255602
Rhode Island,1996,369286,516,0.139729099
Rhode Island,1997,381224,8571,2.248284473
Rhode Island,1998,396408,14885,3.754969627
Rhode Island,1999,408773,2089,0.511041581
Rhode Island,2000,415001,7370,1.775899335
Rhode Island,2001,415537,-3728,-0.897152359
Rhode Island,2002,416225,3089,0.742146675
Rhode Island,2003,419424,5464,1.302738994
Rhode Island,2004,429312,12013,2.798198047
Rhode Island,2005,438678,4073,0.928471453
Rhode Island,2006,440870,475,0.107741511
Rhode Island,2007,442032,2061,0.466255837
Rhode Island,2008,437249,-11546,-2.640600665
Rhode Island,2009,420693,-20675,-4.914510106
Rhode Island,2010,404785,-14243,-3.518658053
Rhode Island,2011,400883,7326,1.827465869
Rhode Island,2012,405013,278,0.068639772
Rhode Island,2013,406846,3453,0.848724087
Rhode Island,2014,413449,10264,2.482531098
Rhode Island,2015,420817,6044,1.436253764
Rhode Island,2016,428303,9065,2.116492296
Rhode Island,2017,434656,4459,1.025868733
Rhode Island,2018,439314,6011,1.36826962
Rhode Island,2019,440597,-3087,-0.700640268
Rhode Island,2020,442399,6614,1.495030504
Rhode Island,2021,429255,-32073,-7.471782507
Rhode Island,2022,425555,24899,5.850947586
South Carolina,1978,893169,69131,7.739968584
South Carolina,1979,954230,38264,4.009934712
South Carolina,1980,952056,14743,1.548543363
South Carolina,1981,963325,6611,0.686268912
South Carolina,1982,957675,-18010,-1.880596236
South Carolina,1983,943107,-14145,-1.499829818
South Carolina,1984,972467,65278,6.712618526
South Carolina,1985,1046304,35452,3.388307796
South Carolina,1986,1057110,41329,3.909621515
South Carolina,1987,1103347,46692,4.231850905
South Carolina,1988,1164180,66683,5.727894312
South Carolina,1989,1217956,47142,3.870583174
South Carolina,1990,1267688,51944,4.097538196
South Carolina,1991,1280285,-31079,-2.427506376
South Carolina,1992,1271303,16260,1.279002724
South Carolina,1993,1292274,24336,1.883191955
South Carolina,1994,1327287,43173,3.252725296
South Carolina,1995,1374237,50722,3.690920853
South Carolina,1996,1407547,27978,1.987713377
South Carolina,1997,1437029,30180,2.100166385
South Carolina,1998,1503907,64074,4.26050281
South Carolina,1999,1549776,29873,1.927568887
South Carolina,2000,1597468,32803,2.053437064
South Carolina,2001,1607063,-14421,-0.897351255
South Carolina,2002,1577387,-67316,-4.267564016
South Carolina,2003,1548785,9004,0.581358936
South Carolina,2004,1563460,13912,0.889821294
South Carolina,2005,1583475,24732,1.561881305
South Carolina,2006,1624110,52952,3.260370295
South Carolina,2007,1657022,9218,0.556299192
South Carolina,2008,1662221,2410,0.144986738
South Carolina,2009,1603138,-112636,-7.025970316
South Carolina,2010,1530283,-47161,-3.081848259
South Carolina,2011,1520272,28071,1.846445899
South Carolina,2012,1543771,29733,1.925998092
South Carolina,2013,1570555,25122,1.599561938
South Carolina,2014,1591399,41489,2.607077169
South Carolina,2015,1639654,49952,3.046496395
South Carolina,2016,1693888,54326,3.207177806
South Carolina,2017,1734849,38100,2.196156553
South Carolina,2018,1785097,41521,2.325980045
South Carolina,2019,1823823,40612,2.22675117
South Carolina,2020,1852952,10238,0.552523757
South Carolina,2021,1846982,-46971,-2.543121698
South Carolina,2022,1870242,61633,3.295455882
South Dakota,1978,161621,19623,12.14136777
South Dakota,1979,177069,9480,5.353845111
South Dakota,1980,181494,-456,-0.251247975
South Dakota,1981,178669,-4820,-2.697725963
South Dakota,1982,175343,-4153,-2.368500596
South Dakota,1983,172031,-1849,-1.074806285
South Dakota,1984,176193,10462,5.937806837
South Dakota,1985,184416,5702,3.09192261
South Dakota,1986,186618,-2041,-1.093677995
South Dakota,1987,190285,7783,4.090180519
South Dakota,1988,197655,5198,2.629834813
South Dakota,1989,204362,8495,4.156839334
South Dakota,1990,213826,10477,4.899778324
South Dakota,1991,223968,11795,5.26637734
South Dakota,1992,235343,10427,4.430554552
South Dakota,1993,243677,7134,2.927646023
South Dakota,1994,253191,10382,4.100461707
South Dakota,1995,264430,12053,4.558106115
South Dakota,1996,271648,6314,2.324331488
South Dakota,1997,277318,4440,1.601050058
South Dakota,1998,287859,10990,3.817841374
South Dakota,1999,295629,4866,1.645981957
South Dakota,2000,303526,7954,2.620533332
South Dakota,2001,310831,5251,1.68934244
South Dakota,2002,307332,-12793,-4.162599404
South Dakota,2003,301884,1593,0.527686131
South Dakota,2004,306877,9464,3.083971754
South Dakota,2005,313841,5346,1.703410326
South Dakota,2006,322881,12602,3.90298593
South Dakota,2007,329393,2904,0.88162165
South Dakota,2008,334189,7177,2.147587144
South Dakota,2009,334469,-6772,-2.024701841
South Dakota,2010,330419,-1633,-0.494220974
South Dakota,2011,327580,-2945,-0.899017034
South Dakota,2012,330653,9085,2.747593399
South Dakota,2013,337580,5458,1.616801943
South Dakota,2014,343733,7013,2.040246354
South Dakota,2015,349845,5811,1.661021309
South Dakota,2016,355774,5477,1.539460444
South Dakota,2017,358677,1004,0.279917586
South Dakota,2018,359591,-525,-0.145999205
South Dakota,2019,359364,-3,-0.000834808
South Dakota,2020,362748,5577,1.537430944
South Dakota,2021,364733,-2002,-0.548894671
South Dakota,2022,367747,10093,2.744549922
Tennessee,1978,1335173,104613,7.835164432
Tennessee,1979,1426933,60946,4.271118546
Tennessee,1980,1447744,-17922,-1.237926042
Tennessee,1981,1432332,-10284,-0.717989963
Tennessee,1982,1416933,-23109,-1.630916917
Tennessee,1983,1397410,-18302,-1.309708675
Tennessee,1984,1455560,131845,9.058025777
Tennessee,1985,1544318,47673,3.086993741
Tennessee,1986,1591238,63444,3.98708427
Tennessee,1987,1653764,59613,3.604686037
Tennessee,1988,1742695,80654,4.628119091
Tennessee,1989,1808167,47075,2.603465277
Tennessee,1990,1854942,53911,2.906344241
Tennessee,1991,1865849,-35250,-1.889220403
Tennessee,1992,1871561,46516,2.48541191
Tennessee,1993,1920561,49045,2.55368093
Tennessee,1994,1981990,68000,3.430895211
Tennessee,1995,2067160,112746,5.454149655
Tennessee,1996,2132935,36362,1.704787066
Tennessee,1997,2186316,54135,2.476083055
Tennessee,1998,2269209,64579,2.845881538
Tennessee,1999,2323932,21991,0.946284143
Tennessee,2000,2359919,57035,2.416820238
Tennessee,2001,2368500,-32594,-1.37614524
Tennessee,2002,2333994,-60478,-2.591180611
Tennessee,2003,2301099,-4698,-0.204163315
Tennessee,2004,2321407,39828,1.715683635
Tennessee,2005,2351449,19410,0.825448479
Tennessee,2006,2406889,86993,3.61433369
Tennessee,2007,2458528,25375,1.03212166
Tennessee,2008,2481705,11936,0.480959663
Tennessee,2009,2410947,-166748,-6.916286422
Tennessee,2010,2302315,-50060,-2.174333225
Tennessee,2011,2293990,33437,1.457591358
Tennessee,2012,2339701,53591,2.290506351
Tennessee,2013,2388475,44214,1.851139325
Tennessee,2014,2435945,49305,2.024060478
Tennessee,2015,2483816,56722,2.283663524
Tennessee,2016,2548648,74416,2.919822588
Tennessee,2017,2626021,43335,1.650215288
Tennessee,2018,2656711,29624,1.115062948
Tennessee,2019,2704592,44730,1.65385389
Tennessee,2020,2748552,42488,1.545832133
Tennessee,2021,2744242,-51688,-1.883507358
Tennessee,2022,2781900,123045,4.423056185
Texas,1978,4210449,431745,10.25413204
Texas,1979,4567663,306227,6.704238032
Texas,1980,4807120,178146,3.705877948
Texas,1981,5033554,291474,5.790620305
Texas,1982,5325250,288716,5.421642176
Texas,1983,5370899,-241738,-4.500885234
Texas,1984,5386338,289044,5.366243262
Texas,1985,5585340,190358,3.408172108
Texas,1986,5659054,-42120,-0.744294011
Texas,1987,5528893,-196594,-3.555757002
Texas,1988,5482802,60743,1.107882429
Texas,1989,5576552,143665,2.576233486
Texas,1990,5769185,221163,3.833522413
Texas,1991,5906218,63536,1.075747627
Texas,1992,5979436,31704,0.530217231
Texas,1993,6074379,158074,2.602307166
Texas,1994,6277752,179865,2.865117959
Texas,1995,6510743,299653,4.602439384
Texas,1996,6711173,201036,2.995541912
Texas,1997,6964671,261042,3.748088029
Texas,1998,7372337,345122,4.681310689
Texas,1999,7630754,140627,1.842897832
Texas,2000,7878530,298572,3.789691732
Texas,2001,8086411,89293,1.104235241
Texas,2002,8079007,-198721,-2.459720607
Texas,2003,7986207,17258,0.216097579
Texas,2004,8045298,95897,1.191963306
Texas,2005,8188778,157707,1.925891751
Texas,2006,8497432,430224,5.062988442
Texas,2007,8853765,268559,3.033274545
Texas,2008,9065592,177181,1.954433864
Texas,2009,9037823,-300380,-3.323587992
Texas,2010,8832935,-116983,-1.324395572
Texas,2011,8874507,178775,2.0144781
Texas,2012,9150421,353335,3.861407033
Texas,2013,9490702,308910,3.254869872
Texas,2014,9787269,275427,2.814135383
Texas,2015,10100725,315339,3.121944217
Texas,2016,10356233,193796,1.871298183
Texas,2017,10508925,153731,1.46286133
Texas,2018,10701000,216787,2.025857397
Texas,2019,10965200,306924,2.799073432
Texas,2020,11187078,101971,0.911507008
Texas,2021,11039058,-413117,-3.742321129
Texas,2022,11174009,632247,5.658193044
Utah,1978,371606,45192,12.16126758
Utah,1979,408430,25195,6.168743726
Utah,1980,424643,7225,1.701429201
Utah,1981,436343,-8610,-1.973218317
Utah,1982,433901,3111,0.716983828
Utah,1983,431941,-7199,-1.666662808
Utah,1984,444717,28822,6.480975542
Utah,1985,469037,19805,4.222481382
Utah,1986,482753,7740,1.603304381
Utah,1987,492881,10795,2.190183837
Utah,1988,506355,14600,2.883352589
Utah,1989,528109,30009,5.682349666
Utah,1990,558615,28152,5.039606885
Utah,1991,579179,12803,2.210542855
Utah,1992,601061,31388,5.222098922
Utah,1993,634020,35098,5.535787515
Utah,1994,673095,40376,5.998558896
Utah,1995,716829,48738,6.799111085
Utah,1996,754234,35605,4.720683501
Utah,1997,797012,47436,5.95172971
Utah,1998,835717,18063,2.161377596
Utah,1999,870805,21033,2.415351313
Utah,2000,895522,28020,3.128901356
Utah,2001,911209,-3367,-0.369509081
Utah,2002,908825,-6886,-0.757681622
Utah,2003,901742,-3389,-0.375828119
Utah,2004,905005,15490,1.711592754
Utah,2005,935106,44757,4.786302302
Utah,2006,990968,65122,6.571554278
Utah,2007,1061973,52093,4.905303619
Utah,2008,1093147,12367,1.131320856
Utah,2009,1072143,-55902,-5.214043276
Utah,2010,1023819,-39506,-3.858689866
Utah,2011,1009542,9901,0.980741762
Utah,2012,1033814,38615,3.735198014
Utah,2013,1070914,37318,3.484686912
Utah,2014,1117586,42658,3.816976949
Utah,2015,1171705,54024,4.610716861
Utah,2016,1221592,43618,3.570586579
Utah,2017,1260906,40650,3.223872358
Utah,2018,1309887,53250,4.065236162
Utah,2019,1354731,36991,2.73050517
Utah,2020,1390363,30425,2.18827745
Utah,2021,1426139,39248,2.752045909
Utah,2022,1482765,73808,4.977727421
Vermont,1978,151959,12400,8.160095815
Vermont,1979,162077,7247,4.471331528
Vermont,1980,166259,1023,0.615305036
Vermont,1981,167900,3484,2.075044669
Vermont,1982,168547,-2074,-1.230517304
Vermont,1983,167382,-1077,-0.643438363
Vermont,1984,172410,10348,6.001972043
Vermont,1985,179820,4968,2.762762763
Vermont,1986,186851,9725,5.204681805
Vermont,1987,199528,14581,7.307746281
Vermont,1988,208765,4317,2.067875362
Vermont,1989,215622,9303,4.31449481
Vermont,1990,217709,-4609,-2.117046149
Vermont,1991,209937,-10436,-4.971015114
Vermont,1992,205606,-448,-0.217892474
Vermont,1993,207024,4655,2.248531571
Vermont,1994,211380,3351,1.585296622
Vermont,1995,215987,5549,2.569136105
Vermont,1996,218970,3363,1.535826826
Vermont,1997,223657,6364,2.845428491
Vermont,1998,232770,8588,3.689478885
Vermont,1999,240124,5369,2.235928104
Vermont,2000,247704,9767,3.943012628
Vermont,2001,251160,3802,1.513776079
Vermont,2002,255524,-2421,-0.947464817
Vermont,2003,253320,-1927,-0.760697931
Vermont,2004,253269,260,0.102657649
Vermont,2005,256330,5414,2.112121094
Vermont,2006,260720,3244,1.244246701
Vermont,2007,262040,-377,-0.143871165
Vermont,2008,261760,548,0.209352078
Vermont,2009,259276,-7822,-3.01686234
Vermont,2010,255311,-955,-0.374053605
Vermont,2011,255071,875,0.343041741
Vermont,2012,260873,10783,4.13342891
Vermont,2013,260825,-7772,-2.979775712
Vermont,2014,259113,2585,0.997634237
Vermont,2015,263096,5500,2.090491684
Vermont,2016,266681,1205,0.451850713
Vermont,2017,260272,-1731,-0.665073462
Vermont,2018,260560,2684,1.030089039
Vermont,2019,261815,-1482,-0.566048546
Vermont,2020,259353,-2947,-1.13628915
Vermont,2021,248707,-18293,-7.355241308
Vermont,2022,246338,13869,5.630069254
Virginia,1978,1446526,110166,7.615901823
Virginia,1979,1553291,95490,6.147592434
Virginia,1980,1617245,32391,2.002850527
Virginia,1981,1649437,32357,1.961699659
Virginia,1982,1658404,-6350,-0.382898256
Virginia,1983,1652655,9142,0.553170504
Virginia,1984,1717761,127818,7.440965303
Virginia,1985,1830955,99359,5.426621626
Virginia,1986,1938164,123035,6.348018021
Virginia,1987,2061508,111153,5.39182967
Virginia,1988,2161792,92572,4.282188111
Virginia,1989,2255546,79537,3.526285875
Virginia,1990,2325447,57185,2.459097111
Virginia,1991,2299617,-100209,-4.357638685
Virginia,1992,2256005,14257,0.631957819
Virginia,1993,2286535,46464,2.03207036
Virginia,1994,2349219,58747,2.500703425
Virginia,1995,2427644,91192,3.756399208
Virginia,1996,2480655,39348,1.586193969
Virginia,1997,2554804,110084,4.308901974
Virginia,1998,2667332,77627,2.910286384
Virginia,1999,2742044,68394,2.494270697
Virginia,2000,2847443,117731,4.134621834
Virginia,2001,2920804,23707,0.811660077
Virginia,2002,2938568,-31681,-1.078110154
Virginia,2003,2925539,7550,0.258072102
Virginia,2004,2988345,108899,3.644124089
Virginia,2005,3053460,28379,0.929404675
Virginia,2006,3138351,118469,3.774880503
Virginia,2007,3193769,-7337,-0.229728575
Virginia,2008,3180929,-14877,-0.467693557
Virginia,2009,3118354,-126687,-4.062624064
Virginia,2010,3032197,-53908,-1.777852824
Virginia,2011,3022026,28524,0.943870106
Virginia,2012,3064694,53381,1.741805218
Virginia,2013,3099455,30563,0.986076584
Virginia,2014,3127158,30356,0.970721658
Virginia,2015,3181125,58314,1.833125074
Virginia,2016,3243596,56232,1.733631439
Virginia,2017,3286037,43873,1.335134084
Virginia,2018,3346881,74146,2.215376047
Virginia,2019,3426374,74486,2.173901623
Virginia,2020,3476211,22950,0.660201582
Virginia,2021,3422525,-131379,-3.838657132
Virginia,2022,3423726,134763,3.936150264
Washington,1978,1083488,132707,12.24812827
Washington,1979,1180552,101946,8.63545189
Washington,1980,1248471,38130,3.054135819
Washington,1981,1272949,12554,0.986213902
Washington,1982,1250854,-31741,-2.537546348
Washington,1983,1229037,-12747,-1.037153479
Washington,1984,1280489,58465,4.565833834
Washington,1985,1327678,31461,2.369625768
Washington,1986,1374567,61905,4.503600043
Washington,1987,1416671,74362,5.249066297
Washington,1988,1487186,63156,4.246677954
Washington,1989,1573735,105439,6.699920889
Washington,1990,1671815,89810,5.372005874
Washington,1991,1727258,17682,1.023703465
Washington,1992,1760079,57294,3.255194795
Washington,1993,1802062,23864,1.324260764
Washington,1994,1862500,36327,1.950442953
Washington,1995,1906451,53712,2.817381616
Washington,1996,1932330,41746,2.160397034
Washington,1997,1967129,68527,3.483604786
Washington,1998,2059467,63237,3.07055175
Washington,1999,2121799,57134,2.692715003
Washington,2000,2199893,66783,3.035738556
Washington,2001,2241201,16647,0.742771398
Washington,2002,2209078,-101589,-4.598705885
Washington,2003,2194735,19417,0.884708177
Washington,2004,2230462,48644,2.180893465
Washington,2005,2286878,63251,2.7658231
Washington,2006,2368596,90974,3.840840734
Washington,2007,2451976,80143,3.268506706
Washington,2008,2501054,20771,0.830489865
Washington,2009,2445696,-141583,-5.789067815
Washington,2010,2318051,-58532,-2.525052296
Washington,2011,2273887,25259,1.110829166
Washington,2012,2301790,33885,1.47211518
Washington,2013,2373885,71108,2.995427327
Washington,2014,2444154,69971,2.862790152
Washington,2015,2515626,80104,3.184257119
Washington,2016,2568129,85156,3.315877045
Washington,2017,2646258,77028,2.910827289
Washington,2018,2725664,76567,2.809113669
Washington,2019,2793520,58363,2.089227927
Washington,2020,2850664,52258,1.833186935
Washington,2021,2810796,-131015,-4.661135138
Washington,2022,2807609,130451,4.646337863
West Virginia,1978,456002,4416,0.968416805
West Virginia,1979,478563,42005,8.777318765
West Virginia,1980,491802,-15256,-3.102061399
West Virginia,1981,485364,-620,-0.127739181
West Virginia,1982,479876,-12885,-2.685068643
West Virginia,1983,449648,-38205,-8.496646266
West Virginia,1984,436255,11117,2.548280249
West Virginia,1985,442223,-198,-0.044773791
West Virginia,1986,436872,3508,0.802981194
West Virginia,1987,445589,3861,0.866493562
West Virginia,1988,461367,6798,1.473447386
West Virginia,1989,469732,8739,1.860422539
West Virginia,1990,482948,15457,3.200551612
West Virginia,1991,488319,-2693,-0.551483764
West Virginia,1992,484296,-3844,-0.793729455
West Virginia,1993,488482,12392,2.536838614
West Virginia,1994,502787,9392,1.867987836
West Virginia,1995,518157,18598,3.589259626
West Virginia,1996,523672,-3186,-0.608396095
West Virginia,1997,529297,11076,2.09258696
West Virginia,1998,544262,11152,2.049013159
West Virginia,1999,545983,-1168,-0.213926075
West Virginia,2000,556782,14018,2.517681965
West Virginia,2001,559211,-5502,-0.983886225
West Virginia,2002,562887,4683,0.831960944
West Virginia,2003,564116,-983,-0.17425494
West Virginia,2004,565532,4555,0.805436297
West Virginia,2005,568366,705,0.124039791
West Virginia,2006,579898,19146,3.301615112
West Virginia,2007,584410,-9105,-1.557981554
West Virginia,2008,582464,3675,0.630940281
West Virginia,2009,581145,-11505,-1.979712464
West Virginia,2010,569644,-11984,-2.103770074
West Virginia,2011,567759,7870,1.386151519
West Virginia,2012,576689,10924,1.894261899
West Virginia,2013,578676,-2930,-0.506328239
West Virginia,2014,575162,-3018,-0.524721731
West Virginia,2015,571131,-6366,-1.114630444
West Virginia,2016,563829,-7322,-1.298620681
West Virginia,2017,553902,-10360,-1.87036696
West Virginia,2018,553335,8277,1.495838868
West Virginia,2019,556701,-3012,-0.541044475
West Virginia,2020,550429,-10658,-1.936307862
West Virginia,2021,533422,-24242,-4.544619457
West Virginia,2022,530967,17588,3.312446913
Wisconsin,1978,1490678,119137,7.992135122
Wisconsin,1979,1589291,71386,4.491688432
Wisconsin,1980,1619761,-11366,-0.701708462
Wisconsin,1981,1600139,-26576,-1.660855713
Wisconsin,1982,1568836,-32166,-2.050309911
Wisconsin,1983,1531874,-43405,-2.833457582
Wisconsin,1984,1555108,92828,5.969231719
Wisconsin,1985,1618711,32958,2.036064498
Wisconsin,1986,1639290,10973,0.669375156
Wisconsin,1987,1696775,100381,5.915987683
Wisconsin,1988,1788084,76788,4.294429121
Wisconsin,1989,1863404,76286,4.093905562
Wisconsin,1990,1935673,64403,3.327163214
Wisconsin,1991,1958612,-17355,-0.886086678
Wisconsin,1992,1962163,33746,1.719836731
Wisconsin,1993,2006314,57290,2.855485233
Wisconsin,1994,2072904,53148,2.563939285
Wisconsin,1995,2138584,83299,3.895053924
Wisconsin,1996,2177022,33113,1.521022755
Wisconsin,1997,2227400,48477,2.176394002
Wisconsin,1998,2292899,52143,2.274108018
Wisconsin,1999,2338122,38196,1.633618776
Wisconsin,2000,2388054,58039,2.430388928
Wisconsin,2001,2400454,-31321,-1.304794843
Wisconsin,2002,2383655,-40318,-1.691436051
Wisconsin,2003,2374777,24321,1.024138266
Wisconsin,2004,2409921,48977,2.032307283
Wisconsin,2005,2435900,15316,0.628761443
Wisconsin,2006,2465174,28642,1.161865248
Wisconsin,2007,2479804,477,0.019235391
Wisconsin,2008,2480645,1949,0.078568276
Wisconsin,2009,2418761,-134966,-5.579964288
Wisconsin,2010,2335340,-31970,-1.368965547
Wisconsin,2011,2335955,32951,1.410600804
Wisconsin,2012,2370061,32722,1.38063957
Wisconsin,2013,2398349,25071,1.04534411
Wisconsin,2014,2414980,50264,2.081342289
Wisconsin,2015,2466927,54066,2.191633559
Wisconsin,2016,2507558,28124,1.121569272
Wisconsin,2017,2530752,30467,1.203871418
Wisconsin,2018,2577790,38718,1.501984258
Wisconsin,2019,2602047,12188,0.468400455
Wisconsin,2020,2604414,-5517,-0.211832681
Wisconsin,2021,2561769,-79482,-3.102621665
Wisconsin,2022,2557709,72867,2.848916745
Wyoming,1978,120984,22341,18.46607816
Wyoming,1979,138795,11772,8.481573544
Wyoming,1980,148813,7831,5.262309072
Wyoming,1981,156951,8861,5.645711082
Wyoming,1982,160516,-1893,-1.179321688
Wyoming,1983,149367,-19785,-13.24589769
Wyoming,1984,139362,-446,-0.32002985
Wyoming,1985,138962,59,0.04245765
Wyoming,1986,137403,-5158,-3.753920948
Wyoming,1987,131617,-10635,-8.080263188
Wyoming,1988,123926,-548,-0.442199377
Wyoming,1989,125624,2442,1.943896071
Wyoming,1990,130241,6285,4.825669336
Wyoming,1991,135770,2927,2.155851808
Wyoming,1992,137603,1517,1.102446894
Wyoming,1993,140203,3702,2.640457052
Wyoming,1994,146803,7986,5.439943325
Wyoming,1995,157439,-7999,-5.080697921
Wyoming,1996,152191,675,0.443521627
Wyoming,1997,153863,2977,1.934838135
Wyoming,1998,162308,4289,2.642506839
Wyoming,1999,166742,4185,2.509865541
Wyoming,2000,171955,5998,3.488121892
Wyoming,2001,176800,3551,2.008484163
Wyoming,2002,178192,167,0.093719134
Wyoming,2003,180260,3944,2.187950738
Wyoming,2004,185294,6947,3.749176984
Wyoming,2005,192090,4692,2.442605029
Wyoming,2006,201273,10864,5.397643996
Wyoming,2007,211298,8817,4.172779676
Wyoming,2008,217511,6334,2.912036633
Wyoming,2009,216245,-7556,-3.494184837
Wyoming,2010,207135,-8677,-4.189055447
Wyoming,2011,204381,2861,1.39983658
Wyoming,2012,210095,5836,2.777790999
Wyoming,2013,213143,737,0.345777248
Wyoming,2014,216399,5996,2.770807629
Wyoming,2015,219696,1137,0.517533319
Wyoming,2016,214611,-11293,-5.262078831
Wyoming,2017,205116,-6373,-3.107022368
Wyoming,2018,206372,4334,2.100091098
Wyoming,2019,209765,1776,0.846661741
Wyoming,2020,209613,172,0.082055979
Wyoming,2021,204655,-9956,-4.864772422
Wyoming,2022,203877,8163,4.003884695
Alabama,Avg,66136767,764586,1.156068001
Alaska,Avg,8935745,135120,1.512129095
Arizona,Avg,77740269,2128013,2.737336811
Arkansas,Avg,38982156,526460,1.350515349
California,Avg,527977298,8608874,1.630538668
Colorado,Avg,76118576,1599920,2.101878522
Connecticut,Avg,65198265,371551,0.569878662
Delaware,Avg,15222400,207604,1.36380597
District of Columbia,Avg,18711114,218007,1.165120366
Florida,Avg,258575377,6176654,2.388724739
Georgia,Avg,134390562,2549036,1.896737362
Hawaii,Avg,19566055,238055,1.216673468
Idaho,Avg,18815815,442836,2.353530793
Illinois,Avg,218911381,1454081,0.664232711
Indiana,Avg,105376114,1099341,1.043254451
Iowa,Avg,51394338,554209,1.078346412
Kansas,Avg,45560894,538630,1.182219998
Kentucky,Avg,60291832,724401,1.201491107
Louisiana,Avg,66437225,540538,0.813607131
Maine,Avg,19899214,241118,1.2116961
Maryland,Avg,85951319,1206947,1.404221615
Massachusetts,Avg,127950535,1406265,1.099069261
Michigan,Avg,156759457,1218568,0.777348954
Minnesota,Avg,95570976,1410799,1.476179337
Mississippi,Avg,37160778,342682,0.922160456
Missouri,Avg,96848556,1069173,1.103963801
Montana,Avg,12902841,212721,1.648636916
Nebraska,Avg,30531234,447356,1.465240481
Nevada,Avg,35977437,986929,2.743188738
New Hampshire,Avg,22312189,346146,1.551376246
New Jersey,Avg,147435080,1411994,0.957705588
New Mexico,Avg,22978758,324833,1.413622964
New York,Avg,317621419,2624101,0.826172557
North Carolina,Avg,135932808,2272865,1.672050356
North Dakota,Avg,11458805,198574,1.732938121
Ohio,Avg,197120016,1289738,0.654290734
Oklahoma,Avg,50778061,584170,1.150437785
Oregon,Avg,54744036,948436,1.732491919
Pennsylvania,Avg,214688076,1707467,0.795324562
Rhode Island,Avg,17816571,126548,0.710282579
South Carolina,Avg,63964155,983954,1.538289687
South Dakota,Avg,12466312,217438,1.744204701
Tennessee,Avg,95576067,1467499,1.535425181
Texas,Avg,343617467,7144220,2.079120151
Utah,Avg,38000686,1104682,2.907005416
Vermont,Avg,10249402,110800,1.081038679
Virginia,Avg,118390153,2016213,1.703024237
Washington,Avg,91096169,1879031,2.062689376
West Virginia,Avg,23627953,64910,0.274716985
Wisconsin,Avg,97172440,1145269,1.178594466
Wyoming,Avg,7811259,79856,1.022319193